<annotation>
	<folder>images</folder>
	<filename>2016-09-15-09-49-55_jpg.rf.930ea52b00656ba6cbfb995dce5aa10f.jpg</filename>
	<path>/home/lucas_bernardes/Documents/computer_vision/labelImg/images/2016-09-15-09-49-55_jpg.rf.930ea52b00656ba6cbfb995dce5aa10f.jpg</path>
	<source>
		<database>Unknown</database>
	</source>
	<size>
		<width>640</width>
		<height>640</height>
		<depth>3</depth>
	</size>
	<segmented>0</segmented>
	<object>
		<name>som</name>
		<pose>Unspecified</pose>
		<truncated>0</truncated>
		<difficult>0</difficult>
		<bndbox>
			<xmin>222</xmin>
			<ymin>415</ymin>
			<xmax>368</xmax>
			<ymax>470</ymax>
		</bndbox>
	</object>
</annotation>
