<annotation>
	<folder>images</folder>
	<filename>20171215_120113_jpg.rf.1a46e55075337dfd8c478d19038b4f17.jpg</filename>
	<path>/home/lucas_bernardes/Documents/computer_vision/labelImg/images/20171215_120113_jpg.rf.1a46e55075337dfd8c478d19038b4f17.jpg</path>
	<source>
		<database>Unknown</database>
	</source>
	<size>
		<width>640</width>
		<height>640</height>
		<depth>3</depth>
	</size>
	<segmented>0</segmented>
	<object>
		<name>som</name>
		<pose>Unspecified</pose>
		<truncated>0</truncated>
		<difficult>0</difficult>
		<bndbox>
			<xmin>425</xmin>
			<ymin>116</ymin>
			<xmax>483</xmax>
			<ymax>296</ymax>
		</bndbox>
	</object>
	<object>
		<name>som</name>
		<pose>Unspecified</pose>
		<truncated>0</truncated>
		<difficult>0</difficult>
		<bndbox>
			<xmin>225</xmin>
			<ymin>311</ymin>
			<xmax>341</xmax>
			<ymax>422</ymax>
		</bndbox>
	</object>
	<object>
		<name>som</name>
		<pose>Unspecified</pose>
		<truncated>0</truncated>
		<difficult>0</difficult>
		<bndbox>
			<xmin>354</xmin>
			<ymin>313</ymin>
			<xmax>461</xmax>
			<ymax>431</ymax>
		</bndbox>
	</object>
	<object>
		<name>som</name>
		<pose>Unspecified</pose>
		<truncated>0</truncated>
		<difficult>0</difficult>
		<bndbox>
			<xmin>81</xmin>
			<ymin>303</ymin>
			<xmax>211</xmax>
			<ymax>414</ymax>
		</bndbox>
	</object>
	<object>
		<name>som</name>
		<pose>Unspecified</pose>
		<truncated>0</truncated>
		<difficult>0</difficult>
		<bndbox>
			<xmin>82</xmin>
			<ymin>451</ymin>
			<xmax>211</xmax>
			<ymax>571</ymax>
		</bndbox>
	</object>
	<object>
		<name>som</name>
		<pose>Unspecified</pose>
		<truncated>0</truncated>
		<difficult>0</difficult>
		<bndbox>
			<xmin>226</xmin>
			<ymin>450</ymin>
			<xmax>345</xmax>
			<ymax>580</ymax>
		</bndbox>
	</object>
	<object>
		<name>som</name>
		<pose>Unspecified</pose>
		<truncated>0</truncated>
		<difficult>0</difficult>
		<bndbox>
			<xmin>359</xmin>
			<ymin>443</ymin>
			<xmax>473</xmax>
			<ymax>572</ymax>
		</bndbox>
	</object>
</annotation>
