<annotation>
	<folder>images</folder>
	<filename>20170427_091556_jpg.rf.04de51bcf68c7dcaf9cef819dfb77f96.jpg</filename>
	<path>/home/lucas_bernardes/Documents/computer_vision/labelImg/images/20170427_091556_jpg.rf.04de51bcf68c7dcaf9cef819dfb77f96.jpg</path>
	<source>
		<database>Unknown</database>
	</source>
	<size>
		<width>640</width>
		<height>640</height>
		<depth>3</depth>
	</size>
	<segmented>0</segmented>
	<object>
		<name>som</name>
		<pose>Unspecified</pose>
		<truncated>0</truncated>
		<difficult>0</difficult>
		<bndbox>
			<xmin>196</xmin>
			<ymin>512</ymin>
			<xmax>261</xmax>
			<ymax>562</ymax>
		</bndbox>
	</object>
</annotation>
