<annotation>
	<folder>images</folder>
	<filename>20170202_130832_jpg.rf.21e4aae571c5c78e567c9da02c770688.jpg</filename>
	<path>/home/lucas_bernardes/Documents/computer_vision/labelImg/images/20170202_130832_jpg.rf.21e4aae571c5c78e567c9da02c770688.jpg</path>
	<source>
		<database>Unknown</database>
	</source>
	<size>
		<width>640</width>
		<height>640</height>
		<depth>3</depth>
	</size>
	<segmented>0</segmented>
	<object>
		<name>som</name>
		<pose>Unspecified</pose>
		<truncated>0</truncated>
		<difficult>0</difficult>
		<bndbox>
			<xmin>239</xmin>
			<ymin>261</ymin>
			<xmax>413</xmax>
			<ymax>312</ymax>
		</bndbox>
	</object>
</annotation>
