<annotation>
	<folder>images</folder>
	<filename>20171215_120115_jpg.rf.c8a3e1d6d08e3fe2a625e38c5342a53d.jpg</filename>
	<path>/home/lucas_bernardes/Documents/computer_vision/labelImg/images/20171215_120115_jpg.rf.c8a3e1d6d08e3fe2a625e38c5342a53d.jpg</path>
	<source>
		<database>Unknown</database>
	</source>
	<size>
		<width>640</width>
		<height>640</height>
		<depth>3</depth>
	</size>
	<segmented>0</segmented>
	<object>
		<name>som</name>
		<pose>Unspecified</pose>
		<truncated>0</truncated>
		<difficult>0</difficult>
		<bndbox>
			<xmin>423</xmin>
			<ymin>118</ymin>
			<xmax>484</xmax>
			<ymax>305</ymax>
		</bndbox>
	</object>
	<object>
		<name>som</name>
		<pose>Unspecified</pose>
		<truncated>0</truncated>
		<difficult>0</difficult>
		<bndbox>
			<xmin>351</xmin>
			<ymin>317</ymin>
			<xmax>457</xmax>
			<ymax>436</ymax>
		</bndbox>
	</object>
	<object>
		<name>som</name>
		<pose>Unspecified</pose>
		<truncated>0</truncated>
		<difficult>0</difficult>
		<bndbox>
			<xmin>219</xmin>
			<ymin>310</ymin>
			<xmax>338</xmax>
			<ymax>431</ymax>
		</bndbox>
	</object>
	<object>
		<name>som</name>
		<pose>Unspecified</pose>
		<truncated>0</truncated>
		<difficult>0</difficult>
		<bndbox>
			<xmin>79</xmin>
			<ymin>304</ymin>
			<xmax>207</xmax>
			<ymax>425</ymax>
		</bndbox>
	</object>
	<object>
		<name>som</name>
		<pose>Unspecified</pose>
		<truncated>0</truncated>
		<difficult>0</difficult>
		<bndbox>
			<xmin>79</xmin>
			<ymin>451</ymin>
			<xmax>206</xmax>
			<ymax>578</ymax>
		</bndbox>
	</object>
	<object>
		<name>som</name>
		<pose>Unspecified</pose>
		<truncated>0</truncated>
		<difficult>0</difficult>
		<bndbox>
			<xmin>218</xmin>
			<ymin>456</ymin>
			<xmax>343</xmax>
			<ymax>589</ymax>
		</bndbox>
	</object>
	<object>
		<name>som</name>
		<pose>Unspecified</pose>
		<truncated>0</truncated>
		<difficult>0</difficult>
		<bndbox>
			<xmin>352</xmin>
			<ymin>448</ymin>
			<xmax>469</xmax>
			<ymax>578</ymax>
		</bndbox>
	</object>
</annotation>
