<annotation>
	<folder>images</folder>
	<filename>20170202_130713_jpg.rf.02141be2c7a33a178eb732e60d931b08.jpg</filename>
	<path>/home/lucas_bernardes/Documents/computer_vision/labelImg/images/20170202_130713_jpg.rf.02141be2c7a33a178eb732e60d931b08.jpg</path>
	<source>
		<database>Unknown</database>
	</source>
	<size>
		<width>640</width>
		<height>640</height>
		<depth>3</depth>
	</size>
	<segmented>0</segmented>
	<object>
		<name>som</name>
		<pose>Unspecified</pose>
		<truncated>0</truncated>
		<difficult>0</difficult>
		<bndbox>
			<xmin>145</xmin>
			<ymin>356</ymin>
			<xmax>249</xmax>
			<ymax>426</ymax>
		</bndbox>
	</object>
	<object>
		<name>som</name>
		<pose>Unspecified</pose>
		<truncated>0</truncated>
		<difficult>0</difficult>
		<bndbox>
			<xmin>427</xmin>
			<ymin>232</ymin>
			<xmax>484</xmax>
			<ymax>326</ymax>
		</bndbox>
	</object>
</annotation>
