<annotation>
	<folder>images</folder>
	<filename>20171215_120127_jpg.rf.4ed7cccd964721b7a37faac51bbfb9c8.jpg</filename>
	<path>/home/lucas_bernardes/Documents/computer_vision/labelImg/images/20171215_120127_jpg.rf.4ed7cccd964721b7a37faac51bbfb9c8.jpg</path>
	<source>
		<database>Unknown</database>
	</source>
	<size>
		<width>640</width>
		<height>640</height>
		<depth>3</depth>
	</size>
	<segmented>0</segmented>
	<object>
		<name>som</name>
		<pose>Unspecified</pose>
		<truncated>0</truncated>
		<difficult>0</difficult>
		<bndbox>
			<xmin>42</xmin>
			<ymin>108</ymin>
			<xmax>335</xmax>
			<ymax>425</ymax>
		</bndbox>
	</object>
</annotation>
