<annotation>
	<folder>images</folder>
	<filename>20170202_130748_jpg.rf.59ba7f77331c66f87e1f84d681ae24af.jpg</filename>
	<path>/home/lucas_bernardes/Documents/computer_vision/labelImg/images/20170202_130748_jpg.rf.59ba7f77331c66f87e1f84d681ae24af.jpg</path>
	<source>
		<database>Unknown</database>
	</source>
	<size>
		<width>640</width>
		<height>640</height>
		<depth>3</depth>
	</size>
	<segmented>0</segmented>
	<object>
		<name>som</name>
		<pose>Unspecified</pose>
		<truncated>0</truncated>
		<difficult>0</difficult>
		<bndbox>
			<xmin>290</xmin>
			<ymin>300</ymin>
			<xmax>398</xmax>
			<ymax>388</ymax>
		</bndbox>
	</object>
</annotation>
