<annotation>
	<folder>images</folder>
	<filename>20171215_120124_jpg.rf.42ab3a816917acbbc52f0085baca0ebc.jpg</filename>
	<path>/home/lucas_bernardes/Documents/computer_vision/labelImg/images/20171215_120124_jpg.rf.42ab3a816917acbbc52f0085baca0ebc.jpg</path>
	<source>
		<database>Unknown</database>
	</source>
	<size>
		<width>640</width>
		<height>640</height>
		<depth>3</depth>
	</size>
	<segmented>0</segmented>
	<object>
		<name>som</name>
		<pose>Unspecified</pose>
		<truncated>0</truncated>
		<difficult>0</difficult>
		<bndbox>
			<xmin>119</xmin>
			<ymin>231</ymin>
			<xmax>601</xmax>
			<ymax>429</ymax>
		</bndbox>
	</object>
</annotation>
