<annotation>
	<folder>images</folder>
	<filename>20170202_125623_jpg.rf.096b69ca1eb52a119071919d0c0c4436.jpg</filename>
	<path>/home/lucas_bernardes/Documents/computer_vision/labelImg/images/20170202_125623_jpg.rf.096b69ca1eb52a119071919d0c0c4436.jpg</path>
	<source>
		<database>Unknown</database>
	</source>
	<size>
		<width>640</width>
		<height>640</height>
		<depth>3</depth>
	</size>
	<segmented>0</segmented>
	<object>
		<name>som</name>
		<pose>Unspecified</pose>
		<truncated>0</truncated>
		<difficult>0</difficult>
		<bndbox>
			<xmin>128</xmin>
			<ymin>481</ymin>
			<xmax>185</xmax>
			<ymax>543</ymax>
		</bndbox>
	</object>
</annotation>
