<annotation>
	<folder>images</folder>
	<filename>20180418_130115_jpg.rf.a2a3c322740540d596ff614192a3da14.jpg</filename>
	<path>/home/lucas_bernardes/Documents/computer_vision/labelImg/images/20180418_130115_jpg.rf.a2a3c322740540d596ff614192a3da14.jpg</path>
	<source>
		<database>Unknown</database>
	</source>
	<size>
		<width>640</width>
		<height>640</height>
		<depth>3</depth>
	</size>
	<segmented>0</segmented>
	<object>
		<name>som</name>
		<pose>Unspecified</pose>
		<truncated>0</truncated>
		<difficult>0</difficult>
		<bndbox>
			<xmin>269</xmin>
			<ymin>458</ymin>
			<xmax>464</xmax>
			<ymax>624</ymax>
		</bndbox>
	</object>
</annotation>
