<annotation>
	<folder>images</folder>
	<filename>20180207_110215_jpg.rf.545bf8c1a4f8879453e8d50433a98186.jpg</filename>
	<path>/home/lucas_bernardes/Documents/computer_vision/labelImg/images/20180207_110215_jpg.rf.545bf8c1a4f8879453e8d50433a98186.jpg</path>
	<source>
		<database>Unknown</database>
	</source>
	<size>
		<width>640</width>
		<height>640</height>
		<depth>3</depth>
	</size>
	<segmented>0</segmented>
	<object>
		<name>som</name>
		<pose>Unspecified</pose>
		<truncated>1</truncated>
		<difficult>0</difficult>
		<bndbox>
			<xmin>231</xmin>
			<ymin>1</ymin>
			<xmax>466</xmax>
			<ymax>640</ymax>
		</bndbox>
	</object>
</annotation>
