<annotation>
	<folder>images</folder>
	<filename>20180521_164641_jpg.rf.bb39de6d0ea4c786906b87bf818fec54.jpg</filename>
	<path>/home/lucas_bernardes/Documents/computer_vision/labelImg/images/20180521_164641_jpg.rf.bb39de6d0ea4c786906b87bf818fec54.jpg</path>
	<source>
		<database>Unknown</database>
	</source>
	<size>
		<width>640</width>
		<height>640</height>
		<depth>3</depth>
	</size>
	<segmented>0</segmented>
	<object>
		<name>som</name>
		<pose>Unspecified</pose>
		<truncated>0</truncated>
		<difficult>0</difficult>
		<bndbox>
			<xmin>175</xmin>
			<ymin>266</ymin>
			<xmax>255</xmax>
			<ymax>504</ymax>
		</bndbox>
	</object>
</annotation>
