<annotation>
	<folder>images</folder>
	<filename>20180521_164637_jpg.rf.2fecd610606605f4dd7e0d4b7f650ce2.jpg</filename>
	<path>/home/lucas_bernardes/Documents/computer_vision/labelImg/images/20180521_164637_jpg.rf.2fecd610606605f4dd7e0d4b7f650ce2.jpg</path>
	<source>
		<database>Unknown</database>
	</source>
	<size>
		<width>640</width>
		<height>640</height>
		<depth>3</depth>
	</size>
	<segmented>0</segmented>
	<object>
		<name>som</name>
		<pose>Unspecified</pose>
		<truncated>0</truncated>
		<difficult>0</difficult>
		<bndbox>
			<xmin>169</xmin>
			<ymin>273</ymin>
			<xmax>248</xmax>
			<ymax>522</ymax>
		</bndbox>
	</object>
</annotation>
