<annotation>
	<folder>images</folder>
	<filename>20180207_110148_jpg.rf.115b53bfb74b7de4fb22e39bf329aa15.jpg</filename>
	<path>/home/lucas_bernardes/Documents/computer_vision/labelImg/images/20180207_110148_jpg.rf.115b53bfb74b7de4fb22e39bf329aa15.jpg</path>
	<source>
		<database>Unknown</database>
	</source>
	<size>
		<width>640</width>
		<height>640</height>
		<depth>3</depth>
	</size>
	<segmented>0</segmented>
	<object>
		<name>som</name>
		<pose>Unspecified</pose>
		<truncated>0</truncated>
		<difficult>0</difficult>
		<bndbox>
			<xmin>388</xmin>
			<ymin>216</ymin>
			<xmax>581</xmax>
			<ymax>416</ymax>
		</bndbox>
	</object>
</annotation>
