<annotation>
	<folder>images</folder>
	<filename>20190711_092939_jpg.rf.02263ae65db285b685b5ba856baf3350.jpg</filename>
	<path>/home/lucas_bernardes/Documents/computer_vision/labelImg/images/20190711_092939_jpg.rf.02263ae65db285b685b5ba856baf3350.jpg</path>
	<source>
		<database>Unknown</database>
	</source>
	<size>
		<width>640</width>
		<height>640</height>
		<depth>3</depth>
	</size>
	<segmented>0</segmented>
	<object>
		<name>som</name>
		<pose>Unspecified</pose>
		<truncated>0</truncated>
		<difficult>0</difficult>
		<bndbox>
			<xmin>23</xmin>
			<ymin>57</ymin>
			<xmax>251</xmax>
			<ymax>580</ymax>
		</bndbox>
	</object>
	<object>
		<name>som</name>
		<pose>Unspecified</pose>
		<truncated>0</truncated>
		<difficult>0</difficult>
		<bndbox>
			<xmin>310</xmin>
			<ymin>38</ymin>
			<xmax>569</xmax>
			<ymax>258</ymax>
		</bndbox>
	</object>
	<object>
		<name>som</name>
		<pose>Unspecified</pose>
		<truncated>0</truncated>
		<difficult>0</difficult>
		<bndbox>
			<xmin>305</xmin>
			<ymin>309</ymin>
			<xmax>605</xmax>
			<ymax>576</ymax>
		</bndbox>
	</object>
</annotation>
