<annotation>
	<folder>images</folder>
	<filename>20191114_150415_jpg.rf.1e89e76d1231f32de716837114ee9879.jpg</filename>
	<path>/home/lucas_bernardes/Documents/computer_vision/labelImg/images/20191114_150415_jpg.rf.1e89e76d1231f32de716837114ee9879.jpg</path>
	<source>
		<database>Unknown</database>
	</source>
	<size>
		<width>640</width>
		<height>640</height>
		<depth>3</depth>
	</size>
	<segmented>0</segmented>
	<object>
		<name>som</name>
		<pose>Unspecified</pose>
		<truncated>0</truncated>
		<difficult>0</difficult>
		<bndbox>
			<xmin>191</xmin>
			<ymin>181</ymin>
			<xmax>281</xmax>
			<ymax>431</ymax>
		</bndbox>
	</object>
</annotation>
