<annotation>
	<folder>images</folder>
	<filename>20191219_195326_jpg.rf.bdacc781f126aaa23ad416560766cc14.jpg</filename>
	<path>/home/lucas_bernardes/Documents/computer_vision/labelImg/images/20191219_195326_jpg.rf.bdacc781f126aaa23ad416560766cc14.jpg</path>
	<source>
		<database>Unknown</database>
	</source>
	<size>
		<width>640</width>
		<height>640</height>
		<depth>3</depth>
	</size>
	<segmented>0</segmented>
	<object>
		<name>som</name>
		<pose>Unspecified</pose>
		<truncated>0</truncated>
		<difficult>0</difficult>
		<bndbox>
			<xmin>147</xmin>
			<ymin>80</ymin>
			<xmax>622</xmax>
			<ymax>570</ymax>
		</bndbox>
	</object>
</annotation>
