<annotation>
	<folder>images</folder>
	<filename>20191220_113126_jpg.rf.ccde79131ef32d13e59a91c16f678c58.jpg</filename>
	<path>/home/lucas_bernardes/Documents/computer_vision/labelImg/images/20191220_113126_jpg.rf.ccde79131ef32d13e59a91c16f678c58.jpg</path>
	<source>
		<database>Unknown</database>
	</source>
	<size>
		<width>640</width>
		<height>640</height>
		<depth>3</depth>
	</size>
	<segmented>0</segmented>
	<object>
		<name>som</name>
		<pose>Unspecified</pose>
		<truncated>0</truncated>
		<difficult>0</difficult>
		<bndbox>
			<xmin>330</xmin>
			<ymin>262</ymin>
			<xmax>401</xmax>
			<ymax>410</ymax>
		</bndbox>
	</object>
</annotation>
