<annotation>
	<folder>images</folder>
	<filename>20191114_150042_jpg.rf.ef8fad0103059aa52e3c163caa52307b.jpg</filename>
	<path>/home/lucas_bernardes/Documents/computer_vision/labelImg/images/20191114_150042_jpg.rf.ef8fad0103059aa52e3c163caa52307b.jpg</path>
	<source>
		<database>Unknown</database>
	</source>
	<size>
		<width>640</width>
		<height>640</height>
		<depth>3</depth>
	</size>
	<segmented>0</segmented>
	<object>
		<name>som</name>
		<pose>Unspecified</pose>
		<truncated>0</truncated>
		<difficult>0</difficult>
		<bndbox>
			<xmin>317</xmin>
			<ymin>298</ymin>
			<xmax>404</xmax>
			<ymax>518</ymax>
		</bndbox>
	</object>
</annotation>
