<annotation>
	<folder>images</folder>
	<filename>20200602_082353_jpg.rf.bf5e8bf65b6bc4c12a6543ffb4c01a09.jpg</filename>
	<path>/home/lucas_bernardes/Documents/computer_vision/labelImg/images/20200602_082353_jpg.rf.bf5e8bf65b6bc4c12a6543ffb4c01a09.jpg</path>
	<source>
		<database>Unknown</database>
	</source>
	<size>
		<width>640</width>
		<height>640</height>
		<depth>3</depth>
	</size>
	<segmented>0</segmented>
	<object>
		<name>som</name>
		<pose>Unspecified</pose>
		<truncated>0</truncated>
		<difficult>0</difficult>
		<bndbox>
			<xmin>342</xmin>
			<ymin>89</ymin>
			<xmax>474</xmax>
			<ymax>192</ymax>
		</bndbox>
	</object>
</annotation>
