<annotation>
	<folder>images</folder>
	<filename>20200520_120314_jpg.rf.ab577946b4eeb79556ce437a3d7ea09f.jpg</filename>
	<path>/home/lucas_bernardes/Documents/computer_vision/labelImg/images/20200520_120314_jpg.rf.ab577946b4eeb79556ce437a3d7ea09f.jpg</path>
	<source>
		<database>Unknown</database>
	</source>
	<size>
		<width>640</width>
		<height>640</height>
		<depth>3</depth>
	</size>
	<segmented>0</segmented>
	<object>
		<name>som</name>
		<pose>Unspecified</pose>
		<truncated>0</truncated>
		<difficult>0</difficult>
		<bndbox>
			<xmin>255</xmin>
			<ymin>53</ymin>
			<xmax>385</xmax>
			<ymax>122</ymax>
		</bndbox>
	</object>
</annotation>
