<annotation>
	<folder>images</folder>
	<filename>20211003_124958_jpg.rf.247d395827b04d847f6d1dd72763e72c.jpg</filename>
	<path>/home/lucas_bernardes/Documents/computer_vision/labelImg/images/20211003_124958_jpg.rf.247d395827b04d847f6d1dd72763e72c.jpg</path>
	<source>
		<database>Unknown</database>
	</source>
	<size>
		<width>640</width>
		<height>640</height>
		<depth>3</depth>
	</size>
	<segmented>0</segmented>
	<object>
		<name>som</name>
		<pose>Unspecified</pose>
		<truncated>0</truncated>
		<difficult>0</difficult>
		<bndbox>
			<xmin>543</xmin>
			<ymin>82</ymin>
			<xmax>625</xmax>
			<ymax>129</ymax>
		</bndbox>
	</object>
	<object>
		<name>som</name>
		<pose>Unspecified</pose>
		<truncated>0</truncated>
		<difficult>0</difficult>
		<bndbox>
			<xmin>538</xmin>
			<ymin>267</ymin>
			<xmax>617</xmax>
			<ymax>317</ymax>
		</bndbox>
	</object>
	<object>
		<name>som</name>
		<pose>Unspecified</pose>
		<truncated>0</truncated>
		<difficult>0</difficult>
		<bndbox>
			<xmin>536</xmin>
			<ymin>458</ymin>
			<xmax>619</xmax>
			<ymax>510</ymax>
		</bndbox>
	</object>
	<object>
		<name>som</name>
		<pose>Unspecified</pose>
		<truncated>0</truncated>
		<difficult>0</difficult>
		<bndbox>
			<xmin>246</xmin>
			<ymin>471</ymin>
			<xmax>319</xmax>
			<ymax>522</ymax>
		</bndbox>
	</object>
	<object>
		<name>som</name>
		<pose>Unspecified</pose>
		<truncated>0</truncated>
		<difficult>0</difficult>
		<bndbox>
			<xmin>245</xmin>
			<ymin>278</ymin>
			<xmax>317</xmax>
			<ymax>324</ymax>
		</bndbox>
	</object>
	<object>
		<name>som</name>
		<pose>Unspecified</pose>
		<truncated>0</truncated>
		<difficult>0</difficult>
		<bndbox>
			<xmin>239</xmin>
			<ymin>85</ymin>
			<xmax>311</xmax>
			<ymax>131</ymax>
		</bndbox>
	</object>
</annotation>
