<annotation>
	<folder>images</folder>
	<filename>20240209_070636_jpg.rf.6dca6757e16fcb1348eceb4685a83b1d.jpg</filename>
	<path>/home/lucas_bernardes/Documents/computer_vision/labelImg/images/20240209_070636_jpg.rf.6dca6757e16fcb1348eceb4685a83b1d.jpg</path>
	<source>
		<database>Unknown</database>
	</source>
	<size>
		<width>640</width>
		<height>640</height>
		<depth>3</depth>
	</size>
	<segmented>0</segmented>
	<object>
		<name>som</name>
		<pose>Unspecified</pose>
		<truncated>0</truncated>
		<difficult>0</difficult>
		<bndbox>
			<xmin>337</xmin>
			<ymin>256</ymin>
			<xmax>411</xmax>
			<ymax>325</ymax>
		</bndbox>
	</object>
</annotation>
