<annotation>
	<folder>images</folder>
	<filename>20240209_074821_jpg.rf.969d165548433b998523b1ab416be2f0.jpg</filename>
	<path>/home/lucas_bernardes/Documents/computer_vision/labelImg/images/20240209_074821_jpg.rf.969d165548433b998523b1ab416be2f0.jpg</path>
	<source>
		<database>Unknown</database>
	</source>
	<size>
		<width>640</width>
		<height>640</height>
		<depth>3</depth>
	</size>
	<segmented>0</segmented>
	<object>
		<name>som</name>
		<pose>Unspecified</pose>
		<truncated>0</truncated>
		<difficult>0</difficult>
		<bndbox>
			<xmin>172</xmin>
			<ymin>147</ymin>
			<xmax>446</xmax>
			<ymax>373</ymax>
		</bndbox>
	</object>
</annotation>
