<annotation>
	<folder>images</folder>
	<filename>20240228_101514_jpg.rf.ee268dee7da4dc62bac18c77e21ea07c.jpg</filename>
	<path>/home/lucas_bernardes/Documents/computer_vision/labelImg/images/20240228_101514_jpg.rf.ee268dee7da4dc62bac18c77e21ea07c.jpg</path>
	<source>
		<database>Unknown</database>
	</source>
	<size>
		<width>640</width>
		<height>640</height>
		<depth>3</depth>
	</size>
	<segmented>0</segmented>
	<object>
		<name>som</name>
		<pose>Unspecified</pose>
		<truncated>0</truncated>
		<difficult>0</difficult>
		<bndbox>
			<xmin>307</xmin>
			<ymin>175</ymin>
			<xmax>361</xmax>
			<ymax>257</ymax>
		</bndbox>
	</object>
	<object>
		<name>som</name>
		<pose>Unspecified</pose>
		<truncated>0</truncated>
		<difficult>0</difficult>
		<bndbox>
			<xmin>367</xmin>
			<ymin>152</ymin>
			<xmax>419</xmax>
			<ymax>232</ymax>
		</bndbox>
	</object>
</annotation>
