<annotation>
	<folder>images</folder>
	<filename>20240209_070614_jpg.rf.2343e3c4afb13e179ac54ffa2c8bac9a.jpg</filename>
	<path>/home/lucas_bernardes/Documents/computer_vision/labelImg/images/20240209_070614_jpg.rf.2343e3c4afb13e179ac54ffa2c8bac9a.jpg</path>
	<source>
		<database>Unknown</database>
	</source>
	<size>
		<width>640</width>
		<height>640</height>
		<depth>3</depth>
	</size>
	<segmented>0</segmented>
	<object>
		<name>som</name>
		<pose>Unspecified</pose>
		<truncated>0</truncated>
		<difficult>0</difficult>
		<bndbox>
			<xmin>221</xmin>
			<ymin>172</ymin>
			<xmax>457</xmax>
			<ymax>489</ymax>
		</bndbox>
	</object>
</annotation>
