<annotation>
	<folder>images</folder>
	<filename>20240209_093930_jpg.rf.9c1ec11633508703ccfc6bcb3e65f33e.jpg</filename>
	<path>/home/lucas_bernardes/Documents/computer_vision/labelImg/images/20240209_093930_jpg.rf.9c1ec11633508703ccfc6bcb3e65f33e.jpg</path>
	<source>
		<database>Unknown</database>
	</source>
	<size>
		<width>640</width>
		<height>640</height>
		<depth>3</depth>
	</size>
	<segmented>0</segmented>
	<object>
		<name>som</name>
		<pose>Unspecified</pose>
		<truncated>0</truncated>
		<difficult>0</difficult>
		<bndbox>
			<xmin>329</xmin>
			<ymin>327</ymin>
			<xmax>409</xmax>
			<ymax>464</ymax>
		</bndbox>
	</object>
</annotation>
