<annotation>
	<folder>images</folder>
	<filename>20240209_074727_jpg.rf.7b04d43a39a282a62d88250b1d36905d.jpg</filename>
	<path>/home/lucas_bernardes/Documents/computer_vision/labelImg/images/20240209_074727_jpg.rf.7b04d43a39a282a62d88250b1d36905d.jpg</path>
	<source>
		<database>Unknown</database>
	</source>
	<size>
		<width>640</width>
		<height>640</height>
		<depth>3</depth>
	</size>
	<segmented>0</segmented>
	<object>
		<name>som</name>
		<pose>Unspecified</pose>
		<truncated>0</truncated>
		<difficult>0</difficult>
		<bndbox>
			<xmin>383</xmin>
			<ymin>180</ymin>
			<xmax>422</xmax>
			<ymax>232</ymax>
		</bndbox>
	</object>
</annotation>
