<annotation>
	<folder>images</folder>
	<filename>20240229_120437_jpg.rf.10207bce7711ec3b7f21f335acc70ac8.jpg</filename>
	<path>/home/lucas_bernardes/Documents/computer_vision/labelImg/images/20240229_120437_jpg.rf.10207bce7711ec3b7f21f335acc70ac8.jpg</path>
	<source>
		<database>Unknown</database>
	</source>
	<size>
		<width>640</width>
		<height>640</height>
		<depth>3</depth>
	</size>
	<segmented>0</segmented>
	<object>
		<name>som</name>
		<pose>Unspecified</pose>
		<truncated>0</truncated>
		<difficult>0</difficult>
		<bndbox>
			<xmin>115</xmin>
			<ymin>141</ymin>
			<xmax>365</xmax>
			<ymax>380</ymax>
		</bndbox>
	</object>
</annotation>
