<annotation>
	<folder>images</folder>
	<filename>20240228_101518_jpg.rf.18acf72e89ed5625ee56a695e83584be.jpg</filename>
	<path>/home/lucas_bernardes/Documents/computer_vision/labelImg/images/20240228_101518_jpg.rf.18acf72e89ed5625ee56a695e83584be.jpg</path>
	<source>
		<database>Unknown</database>
	</source>
	<size>
		<width>640</width>
		<height>640</height>
		<depth>3</depth>
	</size>
	<segmented>0</segmented>
	<object>
		<name>som</name>
		<pose>Unspecified</pose>
		<truncated>0</truncated>
		<difficult>0</difficult>
		<bndbox>
			<xmin>239</xmin>
			<ymin>256</ymin>
			<xmax>427</xmax>
			<ymax>452</ymax>
		</bndbox>
	</object>
</annotation>
