<annotation>
	<folder>images</folder>
	<filename>20240209_074657_jpg.rf.06466ec9fdd8d216c02aa6e744d1ec7b.jpg</filename>
	<path>/home/lucas_bernardes/Documents/computer_vision/labelImg/images/20240209_074657_jpg.rf.06466ec9fdd8d216c02aa6e744d1ec7b.jpg</path>
	<source>
		<database>Unknown</database>
	</source>
	<size>
		<width>640</width>
		<height>640</height>
		<depth>3</depth>
	</size>
	<segmented>0</segmented>
	<object>
		<name>som</name>
		<pose>Unspecified</pose>
		<truncated>0</truncated>
		<difficult>0</difficult>
		<bndbox>
			<xmin>475</xmin>
			<ymin>216</ymin>
			<xmax>537</xmax>
			<ymax>322</ymax>
		</bndbox>
	</object>
</annotation>
