<annotation>
	<folder>images</folder>
	<filename>20240209_074541_jpg.rf.3125e79e48dc249c228c3dc78b601338.jpg</filename>
	<path>/home/lucas_bernardes/Documents/computer_vision/labelImg/images/20240209_074541_jpg.rf.3125e79e48dc249c228c3dc78b601338.jpg</path>
	<source>
		<database>Unknown</database>
	</source>
	<size>
		<width>640</width>
		<height>640</height>
		<depth>3</depth>
	</size>
	<segmented>0</segmented>
	<object>
		<name>som</name>
		<pose>Unspecified</pose>
		<truncated>0</truncated>
		<difficult>0</difficult>
		<bndbox>
			<xmin>285</xmin>
			<ymin>240</ymin>
			<xmax>340</xmax>
			<ymax>303</ymax>
		</bndbox>
	</object>
</annotation>
