<annotation>
	<folder>images</folder>
	<filename>20240229_120443_jpg.rf.d22060b22ae2c200ee607b5f2971a795.jpg</filename>
	<path>/home/lucas_bernardes/Documents/computer_vision/labelImg/images/20240229_120443_jpg.rf.d22060b22ae2c200ee607b5f2971a795.jpg</path>
	<source>
		<database>Unknown</database>
	</source>
	<size>
		<width>640</width>
		<height>640</height>
		<depth>3</depth>
	</size>
	<segmented>0</segmented>
	<object>
		<name>som</name>
		<pose>Unspecified</pose>
		<truncated>0</truncated>
		<difficult>0</difficult>
		<bndbox>
			<xmin>125</xmin>
			<ymin>103</ymin>
			<xmax>511</xmax>
			<ymax>346</ymax>
		</bndbox>
	</object>
</annotation>
