<annotation>
	<folder>images</folder>
	<filename>20240208_181040_jpg.rf.9c863ad4bc4424e73d506a67466b36d9.jpg</filename>
	<path>/home/lucas_bernardes/Documents/computer_vision/labelImg/images/20240208_181040_jpg.rf.9c863ad4bc4424e73d506a67466b36d9.jpg</path>
	<source>
		<database>Unknown</database>
	</source>
	<size>
		<width>640</width>
		<height>640</height>
		<depth>3</depth>
	</size>
	<segmented>0</segmented>
	<object>
		<name>som</name>
		<pose>Unspecified</pose>
		<truncated>0</truncated>
		<difficult>0</difficult>
		<bndbox>
			<xmin>89</xmin>
			<ymin>147</ymin>
			<xmax>634</xmax>
			<ymax>476</ymax>
		</bndbox>
	</object>
</annotation>
