<annotation>
	<folder>images</folder>
	<filename>20240229_114549_jpg.rf.350bf6a459cfd71b7e5cf9b56f017ad6.jpg</filename>
	<path>/home/lucas_bernardes/Documents/computer_vision/labelImg/images/20240229_114549_jpg.rf.350bf6a459cfd71b7e5cf9b56f017ad6.jpg</path>
	<source>
		<database>Unknown</database>
	</source>
	<size>
		<width>640</width>
		<height>640</height>
		<depth>3</depth>
	</size>
	<segmented>0</segmented>
	<object>
		<name>som</name>
		<pose>Unspecified</pose>
		<truncated>0</truncated>
		<difficult>0</difficult>
		<bndbox>
			<xmin>305</xmin>
			<ymin>275</ymin>
			<xmax>417</xmax>
			<ymax>478</ymax>
		</bndbox>
	</object>
</annotation>
