<annotation>
	<folder>images</folder>
	<filename>20240209_070624_jpg.rf.591551d36e7cdc567867ce9ee15af297.jpg</filename>
	<path>/home/lucas_bernardes/Documents/computer_vision/labelImg/images/20240209_070624_jpg.rf.591551d36e7cdc567867ce9ee15af297.jpg</path>
	<source>
		<database>Unknown</database>
	</source>
	<size>
		<width>640</width>
		<height>640</height>
		<depth>3</depth>
	</size>
	<segmented>0</segmented>
	<object>
		<name>som</name>
		<pose>Unspecified</pose>
		<truncated>0</truncated>
		<difficult>0</difficult>
		<bndbox>
			<xmin>217</xmin>
			<ymin>240</ymin>
			<xmax>269</xmax>
			<ymax>328</ymax>
		</bndbox>
	</object>
</annotation>
