<annotation>
	<folder>images</folder>
	<filename>20240228_072153_jpg.rf.625673d2503029587301736de9df81a1.jpg</filename>
	<path>/home/lucas_bernardes/Documents/computer_vision/labelImg/images/20240228_072153_jpg.rf.625673d2503029587301736de9df81a1.jpg</path>
	<source>
		<database>Unknown</database>
	</source>
	<size>
		<width>640</width>
		<height>640</height>
		<depth>3</depth>
	</size>
	<segmented>0</segmented>
	<object>
		<name>som</name>
		<pose>Unspecified</pose>
		<truncated>0</truncated>
		<difficult>0</difficult>
		<bndbox>
			<xmin>52</xmin>
			<ymin>197</ymin>
			<xmax>168</xmax>
			<ymax>273</ymax>
		</bndbox>
	</object>
	<object>
		<name>som</name>
		<pose>Unspecified</pose>
		<truncated>0</truncated>
		<difficult>0</difficult>
		<bndbox>
			<xmin>403</xmin>
			<ymin>415</ymin>
			<xmax>488</xmax>
			<ymax>468</ymax>
		</bndbox>
	</object>
	<object>
		<name>som</name>
		<pose>Unspecified</pose>
		<truncated>0</truncated>
		<difficult>0</difficult>
		<bndbox>
			<xmin>451</xmin>
			<ymin>324</ymin>
			<xmax>521</xmax>
			<ymax>381</ymax>
		</bndbox>
	</object>
</annotation>
