<annotation>
	<folder>images</folder>
	<filename>20240209_074743_jpg.rf.49a65897c109997fc3cdc59e4194180b.jpg</filename>
	<path>/home/lucas_bernardes/Documents/computer_vision/labelImg/images/20240209_074743_jpg.rf.49a65897c109997fc3cdc59e4194180b.jpg</path>
	<source>
		<database>Unknown</database>
	</source>
	<size>
		<width>640</width>
		<height>640</height>
		<depth>3</depth>
	</size>
	<segmented>0</segmented>
	<object>
		<name>som</name>
		<pose>Unspecified</pose>
		<truncated>0</truncated>
		<difficult>0</difficult>
		<bndbox>
			<xmin>523</xmin>
			<ymin>158</ymin>
			<xmax>599</xmax>
			<ymax>266</ymax>
		</bndbox>
	</object>
</annotation>
