<annotation>
	<folder>images</folder>
	<filename>20240209_074648_jpg.rf.eb5c826b09b98febc84d6c035873b30e.jpg</filename>
	<path>/home/lucas_bernardes/Documents/computer_vision/labelImg/images/20240209_074648_jpg.rf.eb5c826b09b98febc84d6c035873b30e.jpg</path>
	<source>
		<database>Unknown</database>
	</source>
	<size>
		<width>640</width>
		<height>640</height>
		<depth>3</depth>
	</size>
	<segmented>0</segmented>
	<object>
		<name>som</name>
		<pose>Unspecified</pose>
		<truncated>0</truncated>
		<difficult>0</difficult>
		<bndbox>
			<xmin>287</xmin>
			<ymin>272</ymin>
			<xmax>415</xmax>
			<ymax>436</ymax>
		</bndbox>
	</object>
</annotation>
