<annotation>
	<folder>images</folder>
	<filename>20240208_181055_jpg.rf.dfd3163f5b50476621094dd5949c5913.jpg</filename>
	<path>/home/lucas_bernardes/Documents/computer_vision/labelImg/images/20240208_181055_jpg.rf.dfd3163f5b50476621094dd5949c5913.jpg</path>
	<source>
		<database>Unknown</database>
	</source>
	<size>
		<width>640</width>
		<height>640</height>
		<depth>3</depth>
	</size>
	<segmented>0</segmented>
	<object>
		<name>som</name>
		<pose>Unspecified</pose>
		<truncated>0</truncated>
		<difficult>0</difficult>
		<bndbox>
			<xmin>83</xmin>
			<ymin>196</ymin>
			<xmax>599</xmax>
			<ymax>583</ymax>
		</bndbox>
	</object>
</annotation>
