<annotation>
	<folder>images</folder>
	<filename>20240228_113148_jpg.rf.b44c711eb844aef9e3e278c27961ef55.jpg</filename>
	<path>/home/lucas_bernardes/Documents/computer_vision/labelImg/images/20240228_113148_jpg.rf.b44c711eb844aef9e3e278c27961ef55.jpg</path>
	<source>
		<database>Unknown</database>
	</source>
	<size>
		<width>640</width>
		<height>640</height>
		<depth>3</depth>
	</size>
	<segmented>0</segmented>
	<object>
		<name>som</name>
		<pose>Unspecified</pose>
		<truncated>0</truncated>
		<difficult>0</difficult>
		<bndbox>
			<xmin>444</xmin>
			<ymin>74</ymin>
			<xmax>478</xmax>
			<ymax>101</ymax>
		</bndbox>
	</object>
</annotation>
