<annotation>
	<folder>images</folder>
	<filename>20240228_101503_jpg.rf.5061577d3849bb8bdf309d197fe183e8.jpg</filename>
	<path>/home/lucas_bernardes/Documents/computer_vision/labelImg/images/20240228_101503_jpg.rf.5061577d3849bb8bdf309d197fe183e8.jpg</path>
	<source>
		<database>Unknown</database>
	</source>
	<size>
		<width>640</width>
		<height>640</height>
		<depth>3</depth>
	</size>
	<segmented>0</segmented>
	<object>
		<name>som</name>
		<pose>Unspecified</pose>
		<truncated>0</truncated>
		<difficult>0</difficult>
		<bndbox>
			<xmin>355</xmin>
			<ymin>252</ymin>
			<xmax>422</xmax>
			<ymax>317</ymax>
		</bndbox>
	</object>
</annotation>
