<annotation>
	<folder>images</folder>
	<filename>20240209_074559_jpg.rf.63413dac635d4525c4a568dee4dc5bc0.jpg</filename>
	<path>/home/lucas_bernardes/Documents/computer_vision/labelImg/images/20240209_074559_jpg.rf.63413dac635d4525c4a568dee4dc5bc0.jpg</path>
	<source>
		<database>Unknown</database>
	</source>
	<size>
		<width>640</width>
		<height>640</height>
		<depth>3</depth>
	</size>
	<segmented>0</segmented>
	<object>
		<name>som</name>
		<pose>Unspecified</pose>
		<truncated>0</truncated>
		<difficult>0</difficult>
		<bndbox>
			<xmin>370</xmin>
			<ymin>220</ymin>
			<xmax>440</xmax>
			<ymax>300</ymax>
		</bndbox>
	</object>
</annotation>
