<annotation>
	<folder>images</folder>
	<filename>colibrinowifi11_jpg.rf.25fe7db9e16ec53db286dada25985f31.jpg</filename>
	<path>/home/lucas_bernardes/Documents/computer_vision/labelImg/images/colibrinowifi11_jpg.rf.25fe7db9e16ec53db286dada25985f31.jpg</path>
	<source>
		<database>Unknown</database>
	</source>
	<size>
		<width>640</width>
		<height>640</height>
		<depth>3</depth>
	</size>
	<segmented>0</segmented>
	<object>
		<name>som</name>
		<pose>Unspecified</pose>
		<truncated>0</truncated>
		<difficult>0</difficult>
		<bndbox>
			<xmin>150</xmin>
			<ymin>182</ymin>
			<xmax>535</xmax>
			<ymax>464</ymax>
		</bndbox>
	</object>
</annotation>
