<annotation>
	<folder>images</folder>
	<filename>colibrinowifi2_jpg.rf.83e62fcee20b88c24121e977f45d2258.jpg</filename>
	<path>/home/lucas_bernardes/Documents/computer_vision/labelImg/images/colibrinowifi2_jpg.rf.83e62fcee20b88c24121e977f45d2258.jpg</path>
	<source>
		<database>Unknown</database>
	</source>
	<size>
		<width>640</width>
		<height>640</height>
		<depth>3</depth>
	</size>
	<segmented>0</segmented>
	<object>
		<name>som</name>
		<pose>Unspecified</pose>
		<truncated>0</truncated>
		<difficult>0</difficult>
		<bndbox>
			<xmin>185</xmin>
			<ymin>140</ymin>
			<xmax>541</xmax>
			<ymax>394</ymax>
		</bndbox>
	</object>
</annotation>
