<annotation>
	<folder>images</folder>
	<filename>colibri_it1_jpg.rf.4bbc6ea213259b30891b6b47fab14146.jpg</filename>
	<path>/home/lucas_bernardes/Documents/computer_vision/labelImg/images/colibri_it1_jpg.rf.4bbc6ea213259b30891b6b47fab14146.jpg</path>
	<source>
		<database>Unknown</database>
	</source>
	<size>
		<width>640</width>
		<height>640</height>
		<depth>3</depth>
	</size>
	<segmented>0</segmented>
	<object>
		<name>som</name>
		<pose>Unspecified</pose>
		<truncated>0</truncated>
		<difficult>0</difficult>
		<bndbox>
			<xmin>137</xmin>
			<ymin>162</ymin>
			<xmax>483</xmax>
			<ymax>406</ymax>
		</bndbox>
	</object>
</annotation>
