<annotation>
	<folder>images</folder>
	<filename>colibri_wifi3_jpg.rf.2e9355e44b9617f8dec9a8a310a896d1.jpg</filename>
	<path>/home/lucas_bernardes/Documents/computer_vision/labelImg/images/colibri_wifi3_jpg.rf.2e9355e44b9617f8dec9a8a310a896d1.jpg</path>
	<source>
		<database>Unknown</database>
	</source>
	<size>
		<width>640</width>
		<height>640</height>
		<depth>3</depth>
	</size>
	<segmented>0</segmented>
	<object>
		<name>som</name>
		<pose>Unspecified</pose>
		<truncated>0</truncated>
		<difficult>0</difficult>
		<bndbox>
			<xmin>159</xmin>
			<ymin>214</ymin>
			<xmax>464</xmax>
			<ymax>446</ymax>
		</bndbox>
	</object>
</annotation>
