<annotation>
	<folder>images</folder>
	<filename>colibri_wifi5_jpg.rf.b28d8a655e893f193e705976e591162e.jpg</filename>
	<path>/home/lucas_bernardes/Documents/computer_vision/labelImg/images/colibri_wifi5_jpg.rf.b28d8a655e893f193e705976e591162e.jpg</path>
	<source>
		<database>Unknown</database>
	</source>
	<size>
		<width>640</width>
		<height>640</height>
		<depth>3</depth>
	</size>
	<segmented>0</segmented>
	<object>
		<name>som</name>
		<pose>Unspecified</pose>
		<truncated>0</truncated>
		<difficult>0</difficult>
		<bndbox>
			<xmin>185</xmin>
			<ymin>124</ymin>
			<xmax>529</xmax>
			<ymax>410</ymax>
		</bndbox>
	</object>
</annotation>
