<annotation>
	<folder>images</folder>
	<filename>colibri_it7_jpg.rf.51b04122bd907e7eb255ac1e9387b6c4.jpg</filename>
	<path>/home/lucas_bernardes/Documents/computer_vision/labelImg/images/colibri_it7_jpg.rf.51b04122bd907e7eb255ac1e9387b6c4.jpg</path>
	<source>
		<database>Unknown</database>
	</source>
	<size>
		<width>640</width>
		<height>640</height>
		<depth>3</depth>
	</size>
	<segmented>0</segmented>
	<object>
		<name>som</name>
		<pose>Unspecified</pose>
		<truncated>0</truncated>
		<difficult>0</difficult>
		<bndbox>
			<xmin>93</xmin>
			<ymin>124</ymin>
			<xmax>512</xmax>
			<ymax>441</ymax>
		</bndbox>
	</object>
</annotation>
