<annotation>
	<folder>images</folder>
	<filename>colibri_wifi2_jpg.rf.3f8ba6ea895b87b02fe31840fb61b929.jpg</filename>
	<path>/home/lucas_bernardes/Documents/computer_vision/labelImg/images/colibri_wifi2_jpg.rf.3f8ba6ea895b87b02fe31840fb61b929.jpg</path>
	<source>
		<database>Unknown</database>
	</source>
	<size>
		<width>640</width>
		<height>640</height>
		<depth>3</depth>
	</size>
	<segmented>0</segmented>
	<object>
		<name>som</name>
		<pose>Unspecified</pose>
		<truncated>0</truncated>
		<difficult>0</difficult>
		<bndbox>
			<xmin>127</xmin>
			<ymin>162</ymin>
			<xmax>487</xmax>
			<ymax>420</ymax>
		</bndbox>
	</object>
</annotation>
