<annotation>
	<folder>images</folder>
	<filename>colibrinowifi6_jpg.rf.130381842949986ebba5f7023827b78d.jpg</filename>
	<path>/home/lucas_bernardes/Documents/computer_vision/labelImg/images/colibrinowifi6_jpg.rf.130381842949986ebba5f7023827b78d.jpg</path>
	<source>
		<database>Unknown</database>
	</source>
	<size>
		<width>640</width>
		<height>640</height>
		<depth>3</depth>
	</size>
	<segmented>0</segmented>
	<object>
		<name>som</name>
		<pose>Unspecified</pose>
		<truncated>0</truncated>
		<difficult>0</difficult>
		<bndbox>
			<xmin>203</xmin>
			<ymin>174</ymin>
			<xmax>539</xmax>
			<ymax>451</ymax>
		</bndbox>
	</object>
</annotation>
