<annotation>
	<folder>images</folder>
	<filename>colibrinowifi10_jpg.rf.f8eb507aa7f97ef83c6e296f5a86487d.jpg</filename>
	<path>/home/lucas_bernardes/Documents/computer_vision/labelImg/images/colibrinowifi10_jpg.rf.f8eb507aa7f97ef83c6e296f5a86487d.jpg</path>
	<source>
		<database>Unknown</database>
	</source>
	<size>
		<width>640</width>
		<height>640</height>
		<depth>3</depth>
	</size>
	<segmented>0</segmented>
	<object>
		<name>som</name>
		<pose>Unspecified</pose>
		<truncated>0</truncated>
		<difficult>0</difficult>
		<bndbox>
			<xmin>163</xmin>
			<ymin>96</ymin>
			<xmax>552</xmax>
			<ymax>406</ymax>
		</bndbox>
	</object>
</annotation>
