<annotation>
	<folder>images</folder>
	<filename>colibri_it4_jpg.rf.d920bd3dafe2f8fcbf7c5f2e5dfcfe8a.jpg</filename>
	<path>/home/lucas_bernardes/Documents/computer_vision/labelImg/images/colibri_it4_jpg.rf.d920bd3dafe2f8fcbf7c5f2e5dfcfe8a.jpg</path>
	<source>
		<database>Unknown</database>
	</source>
	<size>
		<width>640</width>
		<height>640</height>
		<depth>3</depth>
	</size>
	<segmented>0</segmented>
	<object>
		<name>som</name>
		<pose>Unspecified</pose>
		<truncated>0</truncated>
		<difficult>0</difficult>
		<bndbox>
			<xmin>104</xmin>
			<ymin>223</ymin>
			<xmax>459</xmax>
			<ymax>471</ymax>
		</bndbox>
	</object>
</annotation>
