<annotation>
	<folder>images</folder>
	<filename>colibri_wifi1_jpg.rf.c4d21bffe663b54682c8b2ece7fc337a.jpg</filename>
	<path>/home/lucas_bernardes/Documents/computer_vision/labelImg/images/colibri_wifi1_jpg.rf.c4d21bffe663b54682c8b2ece7fc337a.jpg</path>
	<source>
		<database>Unknown</database>
	</source>
	<size>
		<width>640</width>
		<height>640</height>
		<depth>3</depth>
	</size>
	<segmented>0</segmented>
	<object>
		<name>som</name>
		<pose>Unspecified</pose>
		<truncated>0</truncated>
		<difficult>0</difficult>
		<bndbox>
			<xmin>110</xmin>
			<ymin>106</ymin>
			<xmax>488</xmax>
			<ymax>393</ymax>
		</bndbox>
	</object>
</annotation>
