<annotation>
	<folder>images</folder>
	<filename>DSC_0133_JPG.rf.a9b3674c83f590e61b6d1a778e994ba2.jpg</filename>
	<path>/home/lucas_bernardes/Documents/computer_vision/labelImg/images/DSC_0133_JPG.rf.a9b3674c83f590e61b6d1a778e994ba2.jpg</path>
	<source>
		<database>Unknown</database>
	</source>
	<size>
		<width>640</width>
		<height>640</height>
		<depth>3</depth>
	</size>
	<segmented>0</segmented>
	<object>
		<name>som</name>
		<pose>Unspecified</pose>
		<truncated>1</truncated>
		<difficult>0</difficult>
		<bndbox>
			<xmin>1</xmin>
			<ymin>134</ymin>
			<xmax>640</xmax>
			<ymax>601</ymax>
		</bndbox>
	</object>
</annotation>
