<annotation>
	<folder>images</folder>
	<filename>DSC_0025_JPG.rf.2ba07cadfca0164df9b9c3dab13edb9f.jpg</filename>
	<path>/home/lucas_bernardes/Documents/computer_vision/labelImg/images/DSC_0025_JPG.rf.2ba07cadfca0164df9b9c3dab13edb9f.jpg</path>
	<source>
		<database>Unknown</database>
	</source>
	<size>
		<width>640</width>
		<height>640</height>
		<depth>3</depth>
	</size>
	<segmented>0</segmented>
	<object>
		<name>som</name>
		<pose>Unspecified</pose>
		<truncated>0</truncated>
		<difficult>0</difficult>
		<bndbox>
			<xmin>312</xmin>
			<ymin>56</ymin>
			<xmax>387</xmax>
			<ymax>116</ymax>
		</bndbox>
	</object>
	<object>
		<name>som</name>
		<pose>Unspecified</pose>
		<truncated>0</truncated>
		<difficult>0</difficult>
		<bndbox>
			<xmin>552</xmin>
			<ymin>293</ymin>
			<xmax>607</xmax>
			<ymax>329</ymax>
		</bndbox>
	</object>
</annotation>
