<annotation>
	<folder>images</folder>
	<filename>DSC_0124_JPG.rf.1c2a37aee7059141194e6155e3850c2e.jpg</filename>
	<path>/home/lucas_bernardes/Documents/computer_vision/labelImg/images/DSC_0124_JPG.rf.1c2a37aee7059141194e6155e3850c2e.jpg</path>
	<source>
		<database>Unknown</database>
	</source>
	<size>
		<width>640</width>
		<height>640</height>
		<depth>3</depth>
	</size>
	<segmented>0</segmented>
	<object>
		<name>som</name>
		<pose>Unspecified</pose>
		<truncated>1</truncated>
		<difficult>0</difficult>
		<bndbox>
			<xmin>1</xmin>
			<ymin>1</ymin>
			<xmax>535</xmax>
			<ymax>638</ymax>
		</bndbox>
	</object>
</annotation>
