<annotation>
	<folder>images</folder>
	<filename>DSC_0055-1-_JPG.rf.20e75575e7f179a4b831795e91f8e0d0.jpg</filename>
	<path>/home/lucas_bernardes/Documents/computer_vision/labelImg/images/DSC_0055-1-_JPG.rf.20e75575e7f179a4b831795e91f8e0d0.jpg</path>
	<source>
		<database>Unknown</database>
	</source>
	<size>
		<width>640</width>
		<height>640</height>
		<depth>3</depth>
	</size>
	<segmented>0</segmented>
	<object>
		<name>som</name>
		<pose>Unspecified</pose>
		<truncated>0</truncated>
		<difficult>0</difficult>
		<bndbox>
			<xmin>235</xmin>
			<ymin>212</ymin>
			<xmax>320</xmax>
			<ymax>454</ymax>
		</bndbox>
	</object>
</annotation>
