<annotation>
	<folder>images</folder>
	<filename>DSC_0055_JPG.rf.846f69306b8ee55d4a0e02c0289b8aff.jpg</filename>
	<path>/home/lucas_bernardes/Documents/computer_vision/labelImg/images/DSC_0055_JPG.rf.846f69306b8ee55d4a0e02c0289b8aff.jpg</path>
	<source>
		<database>Unknown</database>
	</source>
	<size>
		<width>640</width>
		<height>640</height>
		<depth>3</depth>
	</size>
	<segmented>0</segmented>
	<object>
		<name>som</name>
		<pose>Unspecified</pose>
		<truncated>0</truncated>
		<difficult>0</difficult>
		<bndbox>
			<xmin>427</xmin>
			<ymin>459</ymin>
			<xmax>519</xmax>
			<ymax>534</ymax>
		</bndbox>
	</object>
</annotation>
