<annotation>
	<folder>images</folder>
	<filename>DSC_0126_JPG.rf.142eb028b7b6260e816a907fb3b22f73.jpg</filename>
	<path>/home/lucas_bernardes/Documents/computer_vision/labelImg/images/DSC_0126_JPG.rf.142eb028b7b6260e816a907fb3b22f73.jpg</path>
	<source>
		<database>Unknown</database>
	</source>
	<size>
		<width>640</width>
		<height>640</height>
		<depth>3</depth>
	</size>
	<segmented>0</segmented>
	<object>
		<name>som</name>
		<pose>Unspecified</pose>
		<truncated>1</truncated>
		<difficult>0</difficult>
		<bndbox>
			<xmin>1</xmin>
			<ymin>52</ymin>
			<xmax>619</xmax>
			<ymax>640</ymax>
		</bndbox>
	</object>
</annotation>
