<annotation>
	<folder>images</folder>
	<filename>IMG-20180322-WA0009_jpg.rf.7f9ee24d0932090607c23f19afd00523.jpg</filename>
	<path>/home/lucas_bernardes/Documents/computer_vision/labelImg/images/IMG-20180322-WA0009_jpg.rf.7f9ee24d0932090607c23f19afd00523.jpg</path>
	<source>
		<database>Unknown</database>
	</source>
	<size>
		<width>640</width>
		<height>640</height>
		<depth>3</depth>
	</size>
	<segmented>0</segmented>
	<object>
		<name>som</name>
		<pose>Unspecified</pose>
		<truncated>0</truncated>
		<difficult>0</difficult>
		<bndbox>
			<xmin>223</xmin>
			<ymin>325</ymin>
			<xmax>395</xmax>
			<ymax>427</ymax>
		</bndbox>
	</object>
</annotation>
