<annotation>
	<folder>images</folder>
	<filename>IMG-20180201-WA0017_jpeg.rf.592d97c188307b5c58bbb8a08a8c38bd.jpg</filename>
	<path>/home/lucas_bernardes/Documents/computer_vision/labelImg/images/IMG-20180201-WA0017_jpeg.rf.592d97c188307b5c58bbb8a08a8c38bd.jpg</path>
	<source>
		<database>Unknown</database>
	</source>
	<size>
		<width>640</width>
		<height>640</height>
		<depth>3</depth>
	</size>
	<segmented>0</segmented>
	<object>
		<name>som</name>
		<pose>Unspecified</pose>
		<truncated>0</truncated>
		<difficult>0</difficult>
		<bndbox>
			<xmin>153</xmin>
			<ymin>573</ymin>
			<xmax>236</xmax>
			<ymax>623</ymax>
		</bndbox>
	</object>
	<object>
		<name>som</name>
		<pose>Unspecified</pose>
		<truncated>0</truncated>
		<difficult>0</difficult>
		<bndbox>
			<xmin>149</xmin>
			<ymin>534</ymin>
			<xmax>229</xmax>
			<ymax>582</ymax>
		</bndbox>
	</object>
	<object>
		<name>som</name>
		<pose>Unspecified</pose>
		<truncated>0</truncated>
		<difficult>0</difficult>
		<bndbox>
			<xmin>381</xmin>
			<ymin>604</ymin>
			<xmax>469</xmax>
			<ymax>639</ymax>
		</bndbox>
	</object>
</annotation>
