<annotation>
	<folder>images</folder>
	<filename>IMG_5137_jpg.rf.3788b3fd0ca02cff059f7e4297167bb3.jpg</filename>
	<path>/home/lucas_bernardes/Documents/computer_vision/labelImg/images/IMG_5137_jpg.rf.3788b3fd0ca02cff059f7e4297167bb3.jpg</path>
	<source>
		<database>Unknown</database>
	</source>
	<size>
		<width>640</width>
		<height>640</height>
		<depth>3</depth>
	</size>
	<segmented>0</segmented>
	<object>
		<name>som</name>
		<pose>Unspecified</pose>
		<truncated>0</truncated>
		<difficult>0</difficult>
		<bndbox>
			<xmin>113</xmin>
			<ymin>19</ymin>
			<xmax>440</xmax>
			<ymax>464</ymax>
		</bndbox>
	</object>
</annotation>
