<annotation>
	<folder>images</folder>
	<filename>IMG_5135_jpg.rf.e504bcbc0593e76a647d262b6ccf619c.jpg</filename>
	<path>/home/lucas_bernardes/Documents/computer_vision/labelImg/images/IMG_5135_jpg.rf.e504bcbc0593e76a647d262b6ccf619c.jpg</path>
	<source>
		<database>Unknown</database>
	</source>
	<size>
		<width>640</width>
		<height>640</height>
		<depth>3</depth>
	</size>
	<segmented>0</segmented>
	<object>
		<name>som</name>
		<pose>Unspecified</pose>
		<truncated>0</truncated>
		<difficult>0</difficult>
		<bndbox>
			<xmin>210</xmin>
			<ymin>244</ymin>
			<xmax>426</xmax>
			<ymax>560</ymax>
		</bndbox>
	</object>
</annotation>
