<annotation>
	<folder>images</folder>
	<filename>IMG_5139_jpg.rf.cecc3a4fa7301d3e8363fa1a923cd46c.jpg</filename>
	<path>/home/lucas_bernardes/Documents/computer_vision/labelImg/images/IMG_5139_jpg.rf.cecc3a4fa7301d3e8363fa1a923cd46c.jpg</path>
	<source>
		<database>Unknown</database>
	</source>
	<size>
		<width>640</width>
		<height>640</height>
		<depth>3</depth>
	</size>
	<segmented>0</segmented>
	<object>
		<name>som</name>
		<pose>Unspecified</pose>
		<truncated>0</truncated>
		<difficult>0</difficult>
		<bndbox>
			<xmin>163</xmin>
			<ymin>228</ymin>
			<xmax>432</xmax>
			<ymax>408</ymax>
		</bndbox>
	</object>
</annotation>
