<annotation>
	<folder>images</folder>
	<filename>IMG_5136_jpg.rf.aeef1d504ce5fddcc91619618dfeefb3.jpg</filename>
	<path>/home/lucas_bernardes/Documents/computer_vision/labelImg/images/IMG_5136_jpg.rf.aeef1d504ce5fddcc91619618dfeefb3.jpg</path>
	<source>
		<database>Unknown</database>
	</source>
	<size>
		<width>640</width>
		<height>640</height>
		<depth>3</depth>
	</size>
	<segmented>0</segmented>
	<object>
		<name>som</name>
		<pose>Unspecified</pose>
		<truncated>0</truncated>
		<difficult>0</difficult>
		<bndbox>
			<xmin>64</xmin>
			<ymin>333</ymin>
			<xmax>575</xmax>
			<ymax>551</ymax>
		</bndbox>
	</object>
</annotation>
