<annotation>
	<folder>images</folder>
	<filename>verdin7_jpg.rf.e1d2e776604747c5ceea49fb1b3aebe4.jpg</filename>
	<path>/home/lucas_bernardes/Documents/computer_vision/labelImg/images/verdin7_jpg.rf.e1d2e776604747c5ceea49fb1b3aebe4.jpg</path>
	<source>
		<database>Unknown</database>
	</source>
	<size>
		<width>640</width>
		<height>640</height>
		<depth>3</depth>
	</size>
	<segmented>0</segmented>
	<object>
		<name>som</name>
		<pose>Unspecified</pose>
		<truncated>0</truncated>
		<difficult>0</difficult>
		<bndbox>
			<xmin>237</xmin>
			<ymin>188</ymin>
			<xmax>581</xmax>
			<ymax>459</ymax>
		</bndbox>
	</object>
</annotation>
