<annotation>
	<folder>images</folder>
	<filename>verdin3_jpg.rf.f5b0f6a9b83f975a8e6002c1390ca319.jpg</filename>
	<path>/home/lucas_bernardes/Documents/computer_vision/labelImg/images/verdin3_jpg.rf.f5b0f6a9b83f975a8e6002c1390ca319.jpg</path>
	<source>
		<database>Unknown</database>
	</source>
	<size>
		<width>640</width>
		<height>640</height>
		<depth>3</depth>
	</size>
	<segmented>0</segmented>
	<object>
		<name>som</name>
		<pose>Unspecified</pose>
		<truncated>0</truncated>
		<difficult>0</difficult>
		<bndbox>
			<xmin>128</xmin>
			<ymin>108</ymin>
			<xmax>468</xmax>
			<ymax>330</ymax>
		</bndbox>
	</object>
</annotation>
