<annotation>
	<folder>images</folder>
	<filename>verdin10_jpg.rf.4eba2cdb17f08205352f948227eb1d22.jpg</filename>
	<path>/home/lucas_bernardes/Documents/computer_vision/labelImg/images/verdin10_jpg.rf.4eba2cdb17f08205352f948227eb1d22.jpg</path>
	<source>
		<database>Unknown</database>
	</source>
	<size>
		<width>640</width>
		<height>640</height>
		<depth>3</depth>
	</size>
	<segmented>0</segmented>
	<object>
		<name>som</name>
		<pose>Unspecified</pose>
		<truncated>0</truncated>
		<difficult>0</difficult>
		<bndbox>
			<xmin>147</xmin>
			<ymin>173</ymin>
			<xmax>490</xmax>
			<ymax>394</ymax>
		</bndbox>
	</object>
</annotation>
