<annotation>
	<folder>images</folder>
	<filename>verdin4_jpg.rf.663bdd5de1dc808bbe6c6bca3301ba1e.jpg</filename>
	<path>/home/lucas_bernardes/Documents/computer_vision/labelImg/images/verdin4_jpg.rf.663bdd5de1dc808bbe6c6bca3301ba1e.jpg</path>
	<source>
		<database>Unknown</database>
	</source>
	<size>
		<width>640</width>
		<height>640</height>
		<depth>3</depth>
	</size>
	<segmented>0</segmented>
	<object>
		<name>som</name>
		<pose>Unspecified</pose>
		<truncated>0</truncated>
		<difficult>0</difficult>
		<bndbox>
			<xmin>136</xmin>
			<ymin>220</ymin>
			<xmax>465</xmax>
			<ymax>446</ymax>
		</bndbox>
	</object>
</annotation>
