<annotation>
	<folder>images</folder>
	<filename>verdin11_jpg.rf.40e36cc5e58bac016920773d25c4402d.jpg</filename>
	<path>/home/lucas_bernardes/Documents/computer_vision/labelImg/images/verdin11_jpg.rf.40e36cc5e58bac016920773d25c4402d.jpg</path>
	<source>
		<database>Unknown</database>
	</source>
	<size>
		<width>640</width>
		<height>640</height>
		<depth>3</depth>
	</size>
	<segmented>0</segmented>
	<object>
		<name>som</name>
		<pose>Unspecified</pose>
		<truncated>0</truncated>
		<difficult>0</difficult>
		<bndbox>
			<xmin>129</xmin>
			<ymin>157</ymin>
			<xmax>483</xmax>
			<ymax>378</ymax>
		</bndbox>
	</object>
</annotation>
