<annotation>
	<folder>images</folder>
	<filename>verdin12_jpg.rf.f6760b43925ce394cf509ac34b13eb6d.jpg</filename>
	<path>/home/lucas_bernardes/Documents/computer_vision/labelImg/images/verdin12_jpg.rf.f6760b43925ce394cf509ac34b13eb6d.jpg</path>
	<source>
		<database>Unknown</database>
	</source>
	<size>
		<width>640</width>
		<height>640</height>
		<depth>3</depth>
	</size>
	<segmented>0</segmented>
	<object>
		<name>som</name>
		<pose>Unspecified</pose>
		<truncated>0</truncated>
		<difficult>0</difficult>
		<bndbox>
			<xmin>137</xmin>
			<ymin>167</ymin>
			<xmax>474</xmax>
			<ymax>384</ymax>
		</bndbox>
	</object>
</annotation>
