<annotation>
	<folder>images</folder>
	<filename>2016-08-02-14-12-21_jpg.rf.4965cd810f94a10afb53723866e45d1b.jpg</filename>
	<path>/home/lucas_bernardes/Documents/computer_vision/labelImg/images/2016-08-02-14-12-21_jpg.rf.4965cd810f94a10afb53723866e45d1b.jpg</path>
	<source>
		<database>Unknown</database>
	</source>
	<size>
		<width>640</width>
		<height>640</height>
		<depth>3</depth>
	</size>
	<segmented>0</segmented>
	<object>
		<name>som</name>
		<pose>Unspecified</pose>
		<truncated>0</truncated>
		<difficult>0</difficult>
		<bndbox>
			<xmin>298</xmin>
			<ymin>324</ymin>
			<xmax>435</xmax>
			<ymax>366</ymax>
		</bndbox>
	</object>
</annotation>
