<annotation>
	<folder>images</folder>
	<filename>2016-04-14-11-03-24_jpg.rf.e1cd8cdeb105b39ee8b66de8534e339e.jpg</filename>
	<path>/home/lucas_bernardes/Documents/computer_vision/labelImg/images/2016-04-14-11-03-24_jpg.rf.e1cd8cdeb105b39ee8b66de8534e339e.jpg</path>
	<source>
		<database>Unknown</database>
	</source>
	<size>
		<width>640</width>
		<height>640</height>
		<depth>3</depth>
	</size>
	<segmented>0</segmented>
	<object>
		<name>som</name>
		<pose>Unspecified</pose>
		<truncated>0</truncated>
		<difficult>0</difficult>
		<bndbox>
			<xmin>209</xmin>
			<ymin>233</ymin>
			<xmax>375</xmax>
			<ymax>448</ymax>
		</bndbox>
	</object>
</annotation>
