<annotation>
	<folder>images</folder>
	<filename>2016-04-20-13-50-04_jpg.rf.5989d6c5fbe70f91d7e4e411cb94b040.jpg</filename>
	<path>/home/lucas_bernardes/Documents/computer_vision/labelImg/images/2016-04-20-13-50-04_jpg.rf.5989d6c5fbe70f91d7e4e411cb94b040.jpg</path>
	<source>
		<database>Unknown</database>
	</source>
	<size>
		<width>640</width>
		<height>640</height>
		<depth>3</depth>
	</size>
	<segmented>0</segmented>
	<object>
		<name>som</name>
		<pose>Unspecified</pose>
		<truncated>0</truncated>
		<difficult>0</difficult>
		<bndbox>
			<xmin>207</xmin>
			<ymin>111</ymin>
			<xmax>350</xmax>
			<ymax>208</ymax>
		</bndbox>
	</object>
</annotation>
