<annotation>
	<folder>images</folder>
	<filename>2016-01-20-15-42-56_jpg.rf.74b304f8df03664962178894f8b0c748.jpg</filename>
	<path>/home/lucas_bernardes/Documents/computer_vision/labelImg/images/2016-01-20-15-42-56_jpg.rf.74b304f8df03664962178894f8b0c748.jpg</path>
	<source>
		<database>Unknown</database>
	</source>
	<size>
		<width>640</width>
		<height>640</height>
		<depth>3</depth>
	</size>
	<segmented>0</segmented>
	<object>
		<name>som</name>
		<pose>Unspecified</pose>
		<truncated>0</truncated>
		<difficult>0</difficult>
		<bndbox>
			<xmin>271</xmin>
			<ymin>227</ymin>
			<xmax>482</xmax>
			<ymax>514</ymax>
		</bndbox>
	</object>
</annotation>
