<annotation>
	<folder>images</folder>
	<filename>20170202_130834_jpg.rf.88bab284f5a9788428c38a807a1276e8.jpg</filename>
	<path>/home/lucas_bernardes/Documents/computer_vision/labelImg/images/20170202_130834_jpg.rf.88bab284f5a9788428c38a807a1276e8.jpg</path>
	<source>
		<database>Unknown</database>
	</source>
	<size>
		<width>640</width>
		<height>640</height>
		<depth>3</depth>
	</size>
	<segmented>0</segmented>
	<object>
		<name>som</name>
		<pose>Unspecified</pose>
		<truncated>0</truncated>
		<difficult>0</difficult>
		<bndbox>
			<xmin>231</xmin>
			<ymin>259</ymin>
			<xmax>405</xmax>
			<ymax>310</ymax>
		</bndbox>
	</object>
</annotation>
