<annotation>
	<folder>images</folder>
	<filename>20171215_120134_jpg.rf.b19cfad83ce928ae24bf920833bea309.jpg</filename>
	<path>/home/lucas_bernardes/Documents/computer_vision/labelImg/images/20171215_120134_jpg.rf.b19cfad83ce928ae24bf920833bea309.jpg</path>
	<source>
		<database>Unknown</database>
	</source>
	<size>
		<width>640</width>
		<height>640</height>
		<depth>3</depth>
	</size>
	<segmented>0</segmented>
	<object>
		<name>som</name>
		<pose>Unspecified</pose>
		<truncated>1</truncated>
		<difficult>0</difficult>
		<bndbox>
			<xmin>1</xmin>
			<ymin>234</ymin>
			<xmax>119</xmax>
			<ymax>354</ymax>
		</bndbox>
	</object>
	<object>
		<name>som</name>
		<pose>Unspecified</pose>
		<truncated>0</truncated>
		<difficult>0</difficult>
		<bndbox>
			<xmin>131</xmin>
			<ymin>278</ymin>
			<xmax>377</xmax>
			<ymax>526</ymax>
		</bndbox>
	</object>
	<object>
		<name>som</name>
		<pose>Unspecified</pose>
		<truncated>1</truncated>
		<difficult>0</difficult>
		<bndbox>
			<xmin>406</xmin>
			<ymin>279</ymin>
			<xmax>640</xmax>
			<ymax>518</ymax>
		</bndbox>
	</object>
	<object>
		<name>som</name>
		<pose>Unspecified</pose>
		<truncated>1</truncated>
		<difficult>0</difficult>
		<bndbox>
			<xmin>113</xmin>
			<ymin>548</ymin>
			<xmax>345</xmax>
			<ymax>640</ymax>
		</bndbox>
	</object>
	<object>
		<name>som</name>
		<pose>Unspecified</pose>
		<truncated>1</truncated>
		<difficult>0</difficult>
		<bndbox>
			<xmin>409</xmin>
			<ymin>548</ymin>
			<xmax>640</xmax>
			<ymax>640</ymax>
		</bndbox>
	</object>
</annotation>
