<annotation>
	<folder>images</folder>
	<filename>20171023_144113_jpg.rf.63030b7bbfd610a23fdfb97236eae35b.jpg</filename>
	<path>/home/lucas_bernardes/Documents/computer_vision/labelImg/images/20171023_144113_jpg.rf.63030b7bbfd610a23fdfb97236eae35b.jpg</path>
	<source>
		<database>Unknown</database>
	</source>
	<size>
		<width>640</width>
		<height>640</height>
		<depth>3</depth>
	</size>
	<segmented>0</segmented>
	<object>
		<name>som</name>
		<pose>Unspecified</pose>
		<truncated>0</truncated>
		<difficult>0</difficult>
		<bndbox>
			<xmin>266</xmin>
			<ymin>212</ymin>
			<xmax>387</xmax>
			<ymax>402</ymax>
		</bndbox>
	</object>
	<object>
		<name>som</name>
		<pose>Unspecified</pose>
		<truncated>0</truncated>
		<difficult>0</difficult>
		<bndbox>
			<xmin>69</xmin>
			<ymin>432</ymin>
			<xmax>155</xmax>
			<ymax>550</ymax>
		</bndbox>
	</object>
	<object>
		<name>som</name>
		<pose>Unspecified</pose>
		<truncated>0</truncated>
		<difficult>0</difficult>
		<bndbox>
			<xmin>26</xmin>
			<ymin>360</ymin>
			<xmax>119</xmax>
			<ymax>484</ymax>
		</bndbox>
	</object>
</annotation>
