<annotation>
	<folder>images</folder>
	<filename>20171026_172900_jpg.rf.4f68428794f05a053efeedb2a7cfa677.jpg</filename>
	<path>/home/lucas_bernardes/Documents/computer_vision/labelImg/images/20171026_172900_jpg.rf.4f68428794f05a053efeedb2a7cfa677.jpg</path>
	<source>
		<database>Unknown</database>
	</source>
	<size>
		<width>640</width>
		<height>640</height>
		<depth>3</depth>
	</size>
	<segmented>0</segmented>
	<object>
		<name>som</name>
		<pose>Unspecified</pose>
		<truncated>0</truncated>
		<difficult>0</difficult>
		<bndbox>
			<xmin>309</xmin>
			<ymin>201</ymin>
			<xmax>404</xmax>
			<ymax>454</ymax>
		</bndbox>
	</object>
</annotation>
