<annotation>
	<folder>images</folder>
	<filename>20170717_153407_jpg.rf.9aba9d3511e13eb2764c879ff3479a8b.jpg</filename>
	<path>/home/lucas_bernardes/Documents/computer_vision/labelImg/images/20170717_153407_jpg.rf.9aba9d3511e13eb2764c879ff3479a8b.jpg</path>
	<source>
		<database>Unknown</database>
	</source>
	<size>
		<width>640</width>
		<height>640</height>
		<depth>3</depth>
	</size>
	<segmented>0</segmented>
	<object>
		<name>som</name>
		<pose>Unspecified</pose>
		<truncated>0</truncated>
		<difficult>0</difficult>
		<bndbox>
			<xmin>290</xmin>
			<ymin>130</ymin>
			<xmax>579</xmax>
			<ymax>347</ymax>
		</bndbox>
	</object>
	<object>
		<name>som</name>
		<pose>Unspecified</pose>
		<truncated>0</truncated>
		<difficult>0</difficult>
		<bndbox>
			<xmin>17</xmin>
			<ymin>70</ymin>
			<xmax>129</xmax>
			<ymax>261</ymax>
		</bndbox>
	</object>
	<object>
		<name>som</name>
		<pose>Unspecified</pose>
		<truncated>1</truncated>
		<difficult>0</difficult>
		<bndbox>
			<xmin>345</xmin>
			<ymin>1</ymin>
			<xmax>621</xmax>
			<ymax>111</ymax>
		</bndbox>
	</object>
</annotation>
