<annotation>
	<folder>images</folder>
	<filename>20180521_164523_jpg.rf.cfaae0b17d932770e60da268f5bf204a.jpg</filename>
	<path>/home/lucas_bernardes/Documents/computer_vision/labelImg/images/20180521_164523_jpg.rf.cfaae0b17d932770e60da268f5bf204a.jpg</path>
	<source>
		<database>Unknown</database>
	</source>
	<size>
		<width>640</width>
		<height>640</height>
		<depth>3</depth>
	</size>
	<segmented>0</segmented>
	<object>
		<name>som</name>
		<pose>Unspecified</pose>
		<truncated>0</truncated>
		<difficult>0</difficult>
		<bndbox>
			<xmin>139</xmin>
			<ymin>248</ymin>
			<xmax>262</xmax>
			<ymax>516</ymax>
		</bndbox>
	</object>
</annotation>
