<annotation>
	<folder>images</folder>
	<filename>20181011_081630_jpg.rf.e22cea2f9877e3c28e204a110a5f7c68.jpg</filename>
	<path>/home/lucas_bernardes/Documents/computer_vision/labelImg/images/20181011_081630_jpg.rf.e22cea2f9877e3c28e204a110a5f7c68.jpg</path>
	<source>
		<database>Unknown</database>
	</source>
	<size>
		<width>640</width>
		<height>640</height>
		<depth>3</depth>
	</size>
	<segmented>0</segmented>
	<object>
		<name>som</name>
		<pose>Unspecified</pose>
		<truncated>0</truncated>
		<difficult>0</difficult>
		<bndbox>
			<xmin>214</xmin>
			<ymin>283</ymin>
			<xmax>453</xmax>
			<ymax>539</ymax>
		</bndbox>
	</object>
</annotation>
