<annotation>
	<folder>images</folder>
	<filename>20191114_150409_jpg.rf.7aeee8ba1ff7ed3c0b79d3ff70086867.jpg</filename>
	<path>/home/lucas_bernardes/Documents/computer_vision/labelImg/images/20191114_150409_jpg.rf.7aeee8ba1ff7ed3c0b79d3ff70086867.jpg</path>
	<source>
		<database>Unknown</database>
	</source>
	<size>
		<width>640</width>
		<height>640</height>
		<depth>3</depth>
	</size>
	<segmented>0</segmented>
	<object>
		<name>som</name>
		<pose>Unspecified</pose>
		<truncated>0</truncated>
		<difficult>0</difficult>
		<bndbox>
			<xmin>162</xmin>
			<ymin>156</ymin>
			<xmax>260</xmax>
			<ymax>469</ymax>
		</bndbox>
	</object>
</annotation>
