<annotation>
	<folder>images</folder>
	<filename>20190822_213338_jpg.rf.c3e89e9cdbf27c9171c18f68344b2c0d.jpg</filename>
	<path>/home/lucas_bernardes/Documents/computer_vision/labelImg/images/20190822_213338_jpg.rf.c3e89e9cdbf27c9171c18f68344b2c0d.jpg</path>
	<source>
		<database>Unknown</database>
	</source>
	<size>
		<width>640</width>
		<height>640</height>
		<depth>3</depth>
	</size>
	<segmented>0</segmented>
	<object>
		<name>som</name>
		<pose>Unspecified</pose>
		<truncated>0</truncated>
		<difficult>0</difficult>
		<bndbox>
			<xmin>255</xmin>
			<ymin>389</ymin>
			<xmax>523</xmax>
			<ymax>491</ymax>
		</bndbox>
	</object>
</annotation>
