<annotation>
	<folder>images</folder>
	<filename>20191128_144418_jpg.rf.79f4b5dbea12dec0ecbc7d7a746edb43.jpg</filename>
	<path>/home/lucas_bernardes/Documents/computer_vision/labelImg/images/20191128_144418_jpg.rf.79f4b5dbea12dec0ecbc7d7a746edb43.jpg</path>
	<source>
		<database>Unknown</database>
	</source>
	<size>
		<width>640</width>
		<height>640</height>
		<depth>3</depth>
	</size>
	<segmented>0</segmented>
	<object>
		<name>som</name>
		<pose>Unspecified</pose>
		<truncated>0</truncated>
		<difficult>0</difficult>
		<bndbox>
			<xmin>301</xmin>
			<ymin>347</ymin>
			<xmax>369</xmax>
			<ymax>544</ymax>
		</bndbox>
	</object>
</annotation>
