<annotation>
	<folder>images</folder>
	<filename>20191114_150227_jpg.rf.8718226a9767043f280f207f6147f3bb.jpg</filename>
	<path>/home/lucas_bernardes/Documents/computer_vision/labelImg/images/20191114_150227_jpg.rf.8718226a9767043f280f207f6147f3bb.jpg</path>
	<source>
		<database>Unknown</database>
	</source>
	<size>
		<width>640</width>
		<height>640</height>
		<depth>3</depth>
	</size>
	<segmented>0</segmented>
	<object>
		<name>som</name>
		<pose>Unspecified</pose>
		<truncated>0</truncated>
		<difficult>0</difficult>
		<bndbox>
			<xmin>119</xmin>
			<ymin>349</ymin>
			<xmax>343</xmax>
			<ymax>420</ymax>
		</bndbox>
	</object>
</annotation>
