<annotation>
	<folder>images</folder>
	<filename>20210617_100953_jpg.rf.32bc69d2c86064df0b9c6f8269ab963d.jpg</filename>
	<path>/home/lucas_bernardes/Documents/computer_vision/labelImg/images/20210617_100953_jpg.rf.32bc69d2c86064df0b9c6f8269ab963d.jpg</path>
	<source>
		<database>Unknown</database>
	</source>
	<size>
		<width>640</width>
		<height>640</height>
		<depth>3</depth>
	</size>
	<segmented>0</segmented>
	<object>
		<name>som</name>
		<pose>Unspecified</pose>
		<truncated>0</truncated>
		<difficult>0</difficult>
		<bndbox>
			<xmin>21</xmin>
			<ymin>254</ymin>
			<xmax>135</xmax>
			<ymax>395</ymax>
		</bndbox>
	</object>
</annotation>
