<annotation>
	<folder>images</folder>
	<filename>20240229_081321_jpg.rf.f669cff0da06c9da4fd675a0da3c3e53.jpg</filename>
	<path>/home/lucas_bernardes/Documents/computer_vision/labelImg/images/20240229_081321_jpg.rf.f669cff0da06c9da4fd675a0da3c3e53.jpg</path>
	<source>
		<database>Unknown</database>
	</source>
	<size>
		<width>640</width>
		<height>640</height>
		<depth>3</depth>
	</size>
	<segmented>0</segmented>
	<object>
		<name>som</name>
		<pose>Unspecified</pose>
		<truncated>0</truncated>
		<difficult>0</difficult>
		<bndbox>
			<xmin>205</xmin>
			<ymin>96</ymin>
			<xmax>402</xmax>
			<ymax>448</ymax>
		</bndbox>
	</object>
</annotation>
