<annotation>
	<folder>images</folder>
	<filename>20240229_114527_jpg.rf.d2736b24e262a8477773350da0eb2d85.jpg</filename>
	<path>/home/lucas_bernardes/Documents/computer_vision/labelImg/images/20240229_114527_jpg.rf.d2736b24e262a8477773350da0eb2d85.jpg</path>
	<source>
		<database>Unknown</database>
	</source>
	<size>
		<width>640</width>
		<height>640</height>
		<depth>3</depth>
	</size>
	<segmented>0</segmented>
	<object>
		<name>som</name>
		<pose>Unspecified</pose>
		<truncated>0</truncated>
		<difficult>0</difficult>
		<bndbox>
			<xmin>223</xmin>
			<ymin>222</ymin>
			<xmax>312</xmax>
			<ymax>328</ymax>
		</bndbox>
	</object>
</annotation>
