<annotation>
	<folder>images</folder>
	<filename>20240208_180942_jpg.rf.50bfcc530043756d1afe42e34fae1899.jpg</filename>
	<path>/home/lucas_bernardes/Documents/computer_vision/labelImg/images/20240208_180942_jpg.rf.50bfcc530043756d1afe42e34fae1899.jpg</path>
	<source>
		<database>Unknown</database>
	</source>
	<size>
		<width>640</width>
		<height>640</height>
		<depth>3</depth>
	</size>
	<segmented>0</segmented>
	<object>
		<name>som</name>
		<pose>Unspecified</pose>
		<truncated>0</truncated>
		<difficult>0</difficult>
		<bndbox>
			<xmin>187</xmin>
			<ymin>142</ymin>
			<xmax>407</xmax>
			<ymax>442</ymax>
		</bndbox>
	</object>
</annotation>
