<annotation>
	<folder>images</folder>
	<filename>20240208_181002_jpg.rf.8daf107e086842d887652ad65e85d845.jpg</filename>
	<path>/home/lucas_bernardes/Documents/computer_vision/labelImg/images/20240208_181002_jpg.rf.8daf107e086842d887652ad65e85d845.jpg</path>
	<source>
		<database>Unknown</database>
	</source>
	<size>
		<width>640</width>
		<height>640</height>
		<depth>3</depth>
	</size>
	<segmented>0</segmented>
	<object>
		<name>som</name>
		<pose>Unspecified</pose>
		<truncated>0</truncated>
		<difficult>0</difficult>
		<bndbox>
			<xmin>205</xmin>
			<ymin>179</ymin>
			<xmax>370</xmax>
			<ymax>326</ymax>
		</bndbox>
	</object>
</annotation>
