<annotation>
	<folder>images</folder>
	<filename>20240220_101437_jpg.rf.6cba29955ce6a40f6be9190084bd38cd.jpg</filename>
	<path>/home/lucas_bernardes/Documents/computer_vision/labelImg/images/20240220_101437_jpg.rf.6cba29955ce6a40f6be9190084bd38cd.jpg</path>
	<source>
		<database>Unknown</database>
	</source>
	<size>
		<width>640</width>
		<height>640</height>
		<depth>3</depth>
	</size>
	<segmented>0</segmented>
	<object>
		<name>som</name>
		<pose>Unspecified</pose>
		<truncated>0</truncated>
		<difficult>0</difficult>
		<bndbox>
			<xmin>359</xmin>
			<ymin>194</ymin>
			<xmax>497</xmax>
			<ymax>344</ymax>
		</bndbox>
	</object>
	<object>
		<name>som</name>
		<pose>Unspecified</pose>
		<truncated>0</truncated>
		<difficult>0</difficult>
		<bndbox>
			<xmin>308</xmin>
			<ymin>300</ymin>
			<xmax>465</xmax>
			<ymax>480</ymax>
		</bndbox>
	</object>
</annotation>
