<annotation>
	<folder>images</folder>
	<filename>20240228_101525_jpg.rf.edf4eebacd40915865033cad7837fea5.jpg</filename>
	<path>/home/lucas_bernardes/Documents/computer_vision/labelImg/images/20240228_101525_jpg.rf.edf4eebacd40915865033cad7837fea5.jpg</path>
	<source>
		<database>Unknown</database>
	</source>
	<size>
		<width>640</width>
		<height>640</height>
		<depth>3</depth>
	</size>
	<segmented>0</segmented>
	<object>
		<name>som</name>
		<pose>Unspecified</pose>
		<truncated>0</truncated>
		<difficult>0</difficult>
		<bndbox>
			<xmin>198</xmin>
			<ymin>220</ymin>
			<xmax>418</xmax>
			<ymax>548</ymax>
		</bndbox>
	</object>
</annotation>
