<annotation>
	<folder>images</folder>
	<filename>20240209_074826_jpg.rf.fd97e08c55e1a115f06178e9c4d14036.jpg</filename>
	<path>/home/lucas_bernardes/Documents/computer_vision/labelImg/images/20240209_074826_jpg.rf.fd97e08c55e1a115f06178e9c4d14036.jpg</path>
	<source>
		<database>Unknown</database>
	</source>
	<size>
		<width>640</width>
		<height>640</height>
		<depth>3</depth>
	</size>
	<segmented>0</segmented>
	<object>
		<name>som</name>
		<pose>Unspecified</pose>
		<truncated>0</truncated>
		<difficult>0</difficult>
		<bndbox>
			<xmin>195</xmin>
			<ymin>184</ymin>
			<xmax>437</xmax>
			<ymax>401</ymax>
		</bndbox>
	</object>
</annotation>
