<annotation>
	<folder>images</folder>
	<filename>20240229_081257_jpg.rf.a18ea20bbc5595cead69b99c13c90fcd.jpg</filename>
	<path>/home/lucas_bernardes/Documents/computer_vision/labelImg/images/20240229_081257_jpg.rf.a18ea20bbc5595cead69b99c13c90fcd.jpg</path>
	<source>
		<database>Unknown</database>
	</source>
	<size>
		<width>640</width>
		<height>640</height>
		<depth>3</depth>
	</size>
	<segmented>0</segmented>
	<object>
		<name>som</name>
		<pose>Unspecified</pose>
		<truncated>0</truncated>
		<difficult>0</difficult>
		<bndbox>
			<xmin>234</xmin>
			<ymin>190</ymin>
			<xmax>379</xmax>
			<ymax>398</ymax>
		</bndbox>
	</object>
</annotation>
