<annotation>
	<folder>images</folder>
	<filename>20240229_114559_jpg.rf.ba991a18c20e05e254a692a355f1c15e.jpg</filename>
	<path>/home/lucas_bernardes/Documents/computer_vision/labelImg/images/20240229_114559_jpg.rf.ba991a18c20e05e254a692a355f1c15e.jpg</path>
	<source>
		<database>Unknown</database>
	</source>
	<size>
		<width>640</width>
		<height>640</height>
		<depth>3</depth>
	</size>
	<segmented>0</segmented>
	<object>
		<name>som</name>
		<pose>Unspecified</pose>
		<truncated>0</truncated>
		<difficult>0</difficult>
		<bndbox>
			<xmin>249</xmin>
			<ymin>162</ymin>
			<xmax>335</xmax>
			<ymax>384</ymax>
		</bndbox>
	</object>
</annotation>
