<annotation>
	<folder>images</folder>
	<filename>20240229_081347_jpg.rf.93aaef4822fb7116b4fc2a2c6e636296.jpg</filename>
	<path>/home/lucas_bernardes/Documents/computer_vision/labelImg/images/20240229_081347_jpg.rf.93aaef4822fb7116b4fc2a2c6e636296.jpg</path>
	<source>
		<database>Unknown</database>
	</source>
	<size>
		<width>640</width>
		<height>640</height>
		<depth>3</depth>
	</size>
	<segmented>0</segmented>
	<object>
		<name>som</name>
		<pose>Unspecified</pose>
		<truncated>0</truncated>
		<difficult>0</difficult>
		<bndbox>
			<xmin>249</xmin>
			<ymin>162</ymin>
			<xmax>481</xmax>
			<ymax>382</ymax>
		</bndbox>
	</object>
</annotation>
