<annotation>
	<folder>images</folder>
	<filename>20240209_074532_jpg.rf.6563ef4a988952c3c6030120a6379827.jpg</filename>
	<path>/home/lucas_bernardes/Documents/computer_vision/labelImg/images/20240209_074532_jpg.rf.6563ef4a988952c3c6030120a6379827.jpg</path>
	<source>
		<database>Unknown</database>
	</source>
	<size>
		<width>640</width>
		<height>640</height>
		<depth>3</depth>
	</size>
	<segmented>0</segmented>
	<object>
		<name>som</name>
		<pose>Unspecified</pose>
		<truncated>0</truncated>
		<difficult>0</difficult>
		<bndbox>
			<xmin>476</xmin>
			<ymin>222</ymin>
			<xmax>518</xmax>
			<ymax>272</ymax>
		</bndbox>
	</object>
	<object>
		<name>som</name>
		<pose>Unspecified</pose>
		<truncated>0</truncated>
		<difficult>0</difficult>
		<bndbox>
			<xmin>395</xmin>
			<ymin>216</ymin>
			<xmax>425</xmax>
			<ymax>263</ymax>
		</bndbox>
	</object>
	<object>
		<name>som</name>
		<pose>Unspecified</pose>
		<truncated>0</truncated>
		<difficult>0</difficult>
		<bndbox>
			<xmin>384</xmin>
			<ymin>204</ymin>
			<xmax>416</xmax>
			<ymax>254</ymax>
		</bndbox>
	</object>
</annotation>
