<annotation>
	<folder>images</folder>
	<filename>20240105_130458_jpg.rf.12c8bdc7635fa89f34cac340a74a559e.jpg</filename>
	<path>/home/lucas_bernardes/Documents/computer_vision/labelImg/images/20240105_130458_jpg.rf.12c8bdc7635fa89f34cac340a74a559e.jpg</path>
	<source>
		<database>Unknown</database>
	</source>
	<size>
		<width>640</width>
		<height>640</height>
		<depth>3</depth>
	</size>
	<segmented>0</segmented>
	<object>
		<name>som</name>
		<pose>Unspecified</pose>
		<truncated>0</truncated>
		<difficult>0</difficult>
		<bndbox>
			<xmin>191</xmin>
			<ymin>202</ymin>
			<xmax>453</xmax>
			<ymax>280</ymax>
		</bndbox>
	</object>
</annotation>
