<annotation>
	<folder>images</folder>
	<filename>20240229_114533_jpg.rf.63ca0ccce1e886513f66dbc90d286f46.jpg</filename>
	<path>/home/lucas_bernardes/Documents/computer_vision/labelImg/images/20240229_114533_jpg.rf.63ca0ccce1e886513f66dbc90d286f46.jpg</path>
	<source>
		<database>Unknown</database>
	</source>
	<size>
		<width>640</width>
		<height>640</height>
		<depth>3</depth>
	</size>
	<segmented>0</segmented>
	<object>
		<name>som</name>
		<pose>Unspecified</pose>
		<truncated>0</truncated>
		<difficult>0</difficult>
		<bndbox>
			<xmin>263</xmin>
			<ymin>229</ymin>
			<xmax>425</xmax>
			<ymax>398</ymax>
		</bndbox>
	</object>
</annotation>
