<annotation>
	<folder>images</folder>
	<filename>20240209_074547_jpg.rf.fde821a7b8e9fddd570dbade100c74dc.jpg</filename>
	<path>/home/lucas_bernardes/Documents/computer_vision/labelImg/images/20240209_074547_jpg.rf.fde821a7b8e9fddd570dbade100c74dc.jpg</path>
	<source>
		<database>Unknown</database>
	</source>
	<size>
		<width>640</width>
		<height>640</height>
		<depth>3</depth>
	</size>
	<segmented>0</segmented>
	<object>
		<name>som</name>
		<pose>Unspecified</pose>
		<truncated>0</truncated>
		<difficult>0</difficult>
		<bndbox>
			<xmin>394</xmin>
			<ymin>230</ymin>
			<xmax>418</xmax>
			<ymax>255</ymax>
		</bndbox>
	</object>
</annotation>
