<annotation>
	<folder>images</folder>
	<filename>20240229_115842_jpg.rf.8f88930f53a2c2ac9e05463e147e8cea.jpg</filename>
	<path>/home/lucas_bernardes/Documents/computer_vision/labelImg/images/20240229_115842_jpg.rf.8f88930f53a2c2ac9e05463e147e8cea.jpg</path>
	<source>
		<database>Unknown</database>
	</source>
	<size>
		<width>640</width>
		<height>640</height>
		<depth>3</depth>
	</size>
	<segmented>0</segmented>
	<object>
		<name>som</name>
		<pose>Unspecified</pose>
		<truncated>0</truncated>
		<difficult>0</difficult>
		<bndbox>
			<xmin>295</xmin>
			<ymin>180</ymin>
			<xmax>460</xmax>
			<ymax>402</ymax>
		</bndbox>
	</object>
</annotation>
