<annotation>
	<folder>images</folder>
	<filename>20240229_115823_jpg.rf.55a628451f4ed941743e5d769ad8f54c.jpg</filename>
	<path>/home/lucas_bernardes/Documents/computer_vision/labelImg/images/20240229_115823_jpg.rf.55a628451f4ed941743e5d769ad8f54c.jpg</path>
	<source>
		<database>Unknown</database>
	</source>
	<size>
		<width>640</width>
		<height>640</height>
		<depth>3</depth>
	</size>
	<segmented>0</segmented>
	<object>
		<name>som</name>
		<pose>Unspecified</pose>
		<truncated>0</truncated>
		<difficult>0</difficult>
		<bndbox>
			<xmin>337</xmin>
			<ymin>200</ymin>
			<xmax>431</xmax>
			<ymax>351</ymax>
		</bndbox>
	</object>
</annotation>
