<annotation>
	<folder>images</folder>
	<filename>20240229_081313_jpg.rf.5305be1e7803f54a28905e4c341e36df.jpg</filename>
	<path>/home/lucas_bernardes/Documents/computer_vision/labelImg/images/20240229_081313_jpg.rf.5305be1e7803f54a28905e4c341e36df.jpg</path>
	<source>
		<database>Unknown</database>
	</source>
	<size>
		<width>640</width>
		<height>640</height>
		<depth>3</depth>
	</size>
	<segmented>0</segmented>
	<object>
		<name>som</name>
		<pose>Unspecified</pose>
		<truncated>0</truncated>
		<difficult>0</difficult>
		<bndbox>
			<xmin>348</xmin>
			<ymin>201</ymin>
			<xmax>461</xmax>
			<ymax>498</ymax>
		</bndbox>
	</object>
</annotation>
