<annotation>
	<folder>images</folder>
	<filename>20240105_075043_jpg.rf.ba6e6fd0362fbed32b0589670d2a2e94.jpg</filename>
	<path>/home/lucas_bernardes/Documents/computer_vision/labelImg/images/20240105_075043_jpg.rf.ba6e6fd0362fbed32b0589670d2a2e94.jpg</path>
	<source>
		<database>Unknown</database>
	</source>
	<size>
		<width>640</width>
		<height>640</height>
		<depth>3</depth>
	</size>
	<segmented>0</segmented>
	<object>
		<name>som</name>
		<pose>Unspecified</pose>
		<truncated>0</truncated>
		<difficult>0</difficult>
		<bndbox>
			<xmin>236</xmin>
			<ymin>82</ymin>
			<xmax>450</xmax>
			<ymax>196</ymax>
		</bndbox>
	</object>
</annotation>
