<annotation>
	<folder>images</folder>
	<filename>20240229_114839_jpg.rf.8053ab04a2d3a9c935b390a96b54fd58.jpg</filename>
	<path>/home/lucas_bernardes/Documents/computer_vision/labelImg/images/20240229_114839_jpg.rf.8053ab04a2d3a9c935b390a96b54fd58.jpg</path>
	<source>
		<database>Unknown</database>
	</source>
	<size>
		<width>640</width>
		<height>640</height>
		<depth>3</depth>
	</size>
	<segmented>0</segmented>
	<object>
		<name>som</name>
		<pose>Unspecified</pose>
		<truncated>0</truncated>
		<difficult>0</difficult>
		<bndbox>
			<xmin>57</xmin>
			<ymin>85</ymin>
			<xmax>357</xmax>
			<ymax>227</ymax>
		</bndbox>
	</object>
</annotation>
