<annotation>
	<folder>images</folder>
	<filename>20240209_074538_jpg.rf.b6e78423d569b670a92366163dc74898.jpg</filename>
	<path>/home/lucas_bernardes/Documents/computer_vision/labelImg/images/20240209_074538_jpg.rf.b6e78423d569b670a92366163dc74898.jpg</path>
	<source>
		<database>Unknown</database>
	</source>
	<size>
		<width>640</width>
		<height>640</height>
		<depth>3</depth>
	</size>
	<segmented>0</segmented>
	<object>
		<name>som</name>
		<pose>Unspecified</pose>
		<truncated>0</truncated>
		<difficult>0</difficult>
		<bndbox>
			<xmin>170</xmin>
			<ymin>278</ymin>
			<xmax>245</xmax>
			<ymax>372</ymax>
		</bndbox>
	</object>
	<object>
		<name>som</name>
		<pose>Unspecified</pose>
		<truncated>1</truncated>
		<difficult>0</difficult>
		<bndbox>
			<xmin>1</xmin>
			<ymin>253</ymin>
			<xmax>71</xmax>
			<ymax>336</ymax>
		</bndbox>
	</object>
	<object>
		<name>som</name>
		<pose>Unspecified</pose>
		<truncated>0</truncated>
		<difficult>0</difficult>
		<bndbox>
			<xmin>3</xmin>
			<ymin>229</ymin>
			<xmax>62</xmax>
			<ymax>308</ymax>
		</bndbox>
	</object>
</annotation>
