<annotation>
	<folder>images</folder>
	<filename>20240209_094003_jpg.rf.c9a3d1fce8ae86579dd5967c69a40fc7.jpg</filename>
	<path>/home/lucas_bernardes/Documents/computer_vision/labelImg/images/20240209_094003_jpg.rf.c9a3d1fce8ae86579dd5967c69a40fc7.jpg</path>
	<source>
		<database>Unknown</database>
	</source>
	<size>
		<width>640</width>
		<height>640</height>
		<depth>3</depth>
	</size>
	<segmented>0</segmented>
	<object>
		<name>som</name>
		<pose>Unspecified</pose>
		<truncated>0</truncated>
		<difficult>0</difficult>
		<bndbox>
			<xmin>297</xmin>
			<ymin>294</ymin>
			<xmax>373</xmax>
			<ymax>366</ymax>
		</bndbox>
	</object>
</annotation>
