<annotation>
	<folder>images</folder>
	<filename>20240228_101455_jpg.rf.7a8999b086694135841ca8bf0ea983e4.jpg</filename>
	<path>/home/lucas_bernardes/Documents/computer_vision/labelImg/images/20240228_101455_jpg.rf.7a8999b086694135841ca8bf0ea983e4.jpg</path>
	<source>
		<database>Unknown</database>
	</source>
	<size>
		<width>640</width>
		<height>640</height>
		<depth>3</depth>
	</size>
	<segmented>0</segmented>
	<object>
		<name>som</name>
		<pose>Unspecified</pose>
		<truncated>0</truncated>
		<difficult>0</difficult>
		<bndbox>
			<xmin>333</xmin>
			<ymin>235</ymin>
			<xmax>456</xmax>
			<ymax>295</ymax>
		</bndbox>
	</object>
</annotation>
