<annotation>
	<folder>images</folder>
	<filename>20240208_181105_jpg.rf.f9cd6b213c25a1ca2bcee7875726ca35.jpg</filename>
	<path>/home/lucas_bernardes/Documents/computer_vision/labelImg/images/20240208_181105_jpg.rf.f9cd6b213c25a1ca2bcee7875726ca35.jpg</path>
	<source>
		<database>Unknown</database>
	</source>
	<size>
		<width>640</width>
		<height>640</height>
		<depth>3</depth>
	</size>
	<segmented>0</segmented>
	<object>
		<name>som</name>
		<pose>Unspecified</pose>
		<truncated>0</truncated>
		<difficult>0</difficult>
		<bndbox>
			<xmin>169</xmin>
			<ymin>290</ymin>
			<xmax>355</xmax>
			<ymax>380</ymax>
		</bndbox>
	</object>
</annotation>
