<annotation>
	<folder>images</folder>
	<filename>20240229_081302_jpg.rf.c4e7ed154cb6cdf27940a738df3f37d0.jpg</filename>
	<path>/home/lucas_bernardes/Documents/computer_vision/labelImg/images/20240229_081302_jpg.rf.c4e7ed154cb6cdf27940a738df3f37d0.jpg</path>
	<source>
		<database>Unknown</database>
	</source>
	<size>
		<width>640</width>
		<height>640</height>
		<depth>3</depth>
	</size>
	<segmented>0</segmented>
	<object>
		<name>som</name>
		<pose>Unspecified</pose>
		<truncated>0</truncated>
		<difficult>0</difficult>
		<bndbox>
			<xmin>317</xmin>
			<ymin>202</ymin>
			<xmax>400</xmax>
			<ymax>270</ymax>
		</bndbox>
	</object>
</annotation>
