<annotation>
	<folder>images</folder>
	<filename>20240209_074606_jpg.rf.a604715f8d42968589fd2270c778dd32.jpg</filename>
	<path>/home/lucas_bernardes/Documents/computer_vision/labelImg/images/20240209_074606_jpg.rf.a604715f8d42968589fd2270c778dd32.jpg</path>
	<source>
		<database>Unknown</database>
	</source>
	<size>
		<width>640</width>
		<height>640</height>
		<depth>3</depth>
	</size>
	<segmented>0</segmented>
	<object>
		<name>som</name>
		<pose>Unspecified</pose>
		<truncated>0</truncated>
		<difficult>0</difficult>
		<bndbox>
			<xmin>268</xmin>
			<ymin>261</ymin>
			<xmax>370</xmax>
			<ymax>399</ymax>
		</bndbox>
	</object>
</annotation>
