<annotation>
	<folder>images</folder>
	<filename>20240209_093936_jpg.rf.2e1e4301a5d3e7df4de4aee6f278c23c.jpg</filename>
	<path>/home/lucas_bernardes/Documents/computer_vision/labelImg/images/20240209_093936_jpg.rf.2e1e4301a5d3e7df4de4aee6f278c23c.jpg</path>
	<source>
		<database>Unknown</database>
	</source>
	<size>
		<width>640</width>
		<height>640</height>
		<depth>3</depth>
	</size>
	<segmented>0</segmented>
	<object>
		<name>som</name>
		<pose>Unspecified</pose>
		<truncated>0</truncated>
		<difficult>0</difficult>
		<bndbox>
			<xmin>388</xmin>
			<ymin>295</ymin>
			<xmax>427</xmax>
			<ymax>320</ymax>
		</bndbox>
	</object>
</annotation>
