<annotation>
	<folder>images</folder>
	<filename>20240220_101428_jpg.rf.aaba70e29b442df34864333c81f317ce.jpg</filename>
	<path>/home/lucas_bernardes/Documents/computer_vision/labelImg/images/20240220_101428_jpg.rf.aaba70e29b442df34864333c81f317ce.jpg</path>
	<source>
		<database>Unknown</database>
	</source>
	<size>
		<width>640</width>
		<height>640</height>
		<depth>3</depth>
	</size>
	<segmented>0</segmented>
	<object>
		<name>som</name>
		<pose>Unspecified</pose>
		<truncated>0</truncated>
		<difficult>0</difficult>
		<bndbox>
			<xmin>301</xmin>
			<ymin>220</ymin>
			<xmax>417</xmax>
			<ymax>340</ymax>
		</bndbox>
	</object>
	<object>
		<name>som</name>
		<pose>Unspecified</pose>
		<truncated>0</truncated>
		<difficult>0</difficult>
		<bndbox>
			<xmin>272</xmin>
			<ymin>316</ymin>
			<xmax>393</xmax>
			<ymax>450</ymax>
		</bndbox>
	</object>
</annotation>
