<annotation>
	<folder>images</folder>
	<filename>20240209_074636_jpg.rf.a0f02714315d300999de32f35a996ff0.jpg</filename>
	<path>/home/lucas_bernardes/Documents/computer_vision/labelImg/images/20240209_074636_jpg.rf.a0f02714315d300999de32f35a996ff0.jpg</path>
	<source>
		<database>Unknown</database>
	</source>
	<size>
		<width>640</width>
		<height>640</height>
		<depth>3</depth>
	</size>
	<segmented>0</segmented>
	<object>
		<name>som</name>
		<pose>Unspecified</pose>
		<truncated>0</truncated>
		<difficult>0</difficult>
		<bndbox>
			<xmin>299</xmin>
			<ymin>299</ymin>
			<xmax>358</xmax>
			<ymax>456</ymax>
		</bndbox>
	</object>
</annotation>
