<annotation>
	<folder>images</folder>
	<filename>20240209_074613_jpg.rf.f7f6864ae79b1274c5641459c0f92b73.jpg</filename>
	<path>/home/lucas_bernardes/Documents/computer_vision/labelImg/images/20240209_074613_jpg.rf.f7f6864ae79b1274c5641459c0f92b73.jpg</path>
	<source>
		<database>Unknown</database>
	</source>
	<size>
		<width>640</width>
		<height>640</height>
		<depth>3</depth>
	</size>
	<segmented>0</segmented>
	<object>
		<name>som</name>
		<pose>Unspecified</pose>
		<truncated>0</truncated>
		<difficult>0</difficult>
		<bndbox>
			<xmin>283</xmin>
			<ymin>369</ymin>
			<xmax>355</xmax>
			<ymax>462</ymax>
		</bndbox>
	</object>
</annotation>
