<annotation>
	<folder>images</folder>
	<filename>colibrinowifi7_jpg.rf.f92a43a199f8593af6175bfaffd424e8.jpg</filename>
	<path>/home/lucas_bernardes/Documents/computer_vision/labelImg/images/colibrinowifi7_jpg.rf.f92a43a199f8593af6175bfaffd424e8.jpg</path>
	<source>
		<database>Unknown</database>
	</source>
	<size>
		<width>640</width>
		<height>640</height>
		<depth>3</depth>
	</size>
	<segmented>0</segmented>
	<object>
		<name>som</name>
		<pose>Unspecified</pose>
		<truncated>0</truncated>
		<difficult>0</difficult>
		<bndbox>
			<xmin>141</xmin>
			<ymin>209</ymin>
			<xmax>490</xmax>
			<ymax>445</ymax>
		</bndbox>
	</object>
</annotation>
