<annotation>
	<folder>images</folder>
	<filename>colibri_it3_jpg.rf.4857865fa9dda3224bf5af0c3e8a063b.jpg</filename>
	<path>/home/lucas_bernardes/Documents/computer_vision/labelImg/images/colibri_it3_jpg.rf.4857865fa9dda3224bf5af0c3e8a063b.jpg</path>
	<source>
		<database>Unknown</database>
	</source>
	<size>
		<width>640</width>
		<height>640</height>
		<depth>3</depth>
	</size>
	<segmented>0</segmented>
	<object>
		<name>som</name>
		<pose>Unspecified</pose>
		<truncated>0</truncated>
		<difficult>0</difficult>
		<bndbox>
			<xmin>110</xmin>
			<ymin>119</ymin>
			<xmax>413</xmax>
			<ymax>358</ymax>
		</bndbox>
	</object>
</annotation>
