<annotation>
	<folder>images</folder>
	<filename>colibri_it8_jpg.rf.aeda5a8b6110580063838b4d64b1dbfc.jpg</filename>
	<path>/home/lucas_bernardes/Documents/computer_vision/labelImg/images/colibri_it8_jpg.rf.aeda5a8b6110580063838b4d64b1dbfc.jpg</path>
	<source>
		<database>Unknown</database>
	</source>
	<size>
		<width>640</width>
		<height>640</height>
		<depth>3</depth>
	</size>
	<segmented>0</segmented>
	<object>
		<name>som</name>
		<pose>Unspecified</pose>
		<truncated>0</truncated>
		<difficult>0</difficult>
		<bndbox>
			<xmin>89</xmin>
			<ymin>132</ymin>
			<xmax>506</xmax>
			<ymax>441</ymax>
		</bndbox>
	</object>
</annotation>
