<annotation>
	<folder>images</folder>
	<filename>colibri_it2_jpg.rf.6c28a3a84c9bcaef3545adc488866eca.jpg</filename>
	<path>/home/lucas_bernardes/Documents/computer_vision/labelImg/images/colibri_it2_jpg.rf.6c28a3a84c9bcaef3545adc488866eca.jpg</path>
	<source>
		<database>Unknown</database>
	</source>
	<size>
		<width>640</width>
		<height>640</height>
		<depth>3</depth>
	</size>
	<segmented>0</segmented>
	<object>
		<name>som</name>
		<pose>Unspecified</pose>
		<truncated>0</truncated>
		<difficult>0</difficult>
		<bndbox>
			<xmin>149</xmin>
			<ymin>154</ymin>
			<xmax>498</xmax>
			<ymax>408</ymax>
		</bndbox>
	</object>
</annotation>
