<annotation>
	<folder>images</folder>
	<filename>colibrinowifi3_jpg.rf.575e31d97e4352363128ea70329ebdba.jpg</filename>
	<path>/home/lucas_bernardes/Documents/computer_vision/labelImg/images/colibrinowifi3_jpg.rf.575e31d97e4352363128ea70329ebdba.jpg</path>
	<source>
		<database>Unknown</database>
	</source>
	<size>
		<width>640</width>
		<height>640</height>
		<depth>3</depth>
	</size>
	<segmented>0</segmented>
	<object>
		<name>som</name>
		<pose>Unspecified</pose>
		<truncated>0</truncated>
		<difficult>0</difficult>
		<bndbox>
			<xmin>179</xmin>
			<ymin>165</ymin>
			<xmax>449</xmax>
			<ymax>358</ymax>
		</bndbox>
	</object>
</annotation>
