<annotation>
	<folder>images</folder>
	<filename>colibrinowifi4_jpg.rf.e0507824557cadc79ba947788b424526.jpg</filename>
	<path>/home/lucas_bernardes/Documents/computer_vision/labelImg/images/colibrinowifi4_jpg.rf.e0507824557cadc79ba947788b424526.jpg</path>
	<source>
		<database>Unknown</database>
	</source>
	<size>
		<width>640</width>
		<height>640</height>
		<depth>3</depth>
	</size>
	<segmented>0</segmented>
	<object>
		<name>som</name>
		<pose>Unspecified</pose>
		<truncated>0</truncated>
		<difficult>0</difficult>
		<bndbox>
			<xmin>177</xmin>
			<ymin>230</ymin>
			<xmax>504</xmax>
			<ymax>464</ymax>
		</bndbox>
	</object>
</annotation>
