<annotation>
	<folder>images</folder>
	<filename>colibrinowifi1_jpg.rf.929058d757e26f01f5a723a25073c93f.jpg</filename>
	<path>/home/lucas_bernardes/Documents/computer_vision/labelImg/images/colibrinowifi1_jpg.rf.929058d757e26f01f5a723a25073c93f.jpg</path>
	<source>
		<database>Unknown</database>
	</source>
	<size>
		<width>640</width>
		<height>640</height>
		<depth>3</depth>
	</size>
	<segmented>0</segmented>
	<object>
		<name>som</name>
		<pose>Unspecified</pose>
		<truncated>0</truncated>
		<difficult>0</difficult>
		<bndbox>
			<xmin>132</xmin>
			<ymin>179</ymin>
			<xmax>458</xmax>
			<ymax>428</ymax>
		</bndbox>
	</object>
</annotation>
