<annotation>
	<folder>images</folder>
	<filename>colibri_it9_jpg.rf.6152321c9f73c07660d3afa64549ab4a.jpg</filename>
	<path>/home/lucas_bernardes/Documents/computer_vision/labelImg/images/colibri_it9_jpg.rf.6152321c9f73c07660d3afa64549ab4a.jpg</path>
	<source>
		<database>Unknown</database>
	</source>
	<size>
		<width>640</width>
		<height>640</height>
		<depth>3</depth>
	</size>
	<segmented>0</segmented>
	<object>
		<name>som</name>
		<pose>Unspecified</pose>
		<truncated>0</truncated>
		<difficult>0</difficult>
		<bndbox>
			<xmin>112</xmin>
			<ymin>122</ymin>
			<xmax>456</xmax>
			<ymax>367</ymax>
		</bndbox>
	</object>
</annotation>
