<annotation>
	<folder>images</folder>
	<filename>colibri_it13_jpg.rf.a2744fa933e6fc5950216967114a4cd0.jpg</filename>
	<path>/home/lucas_bernardes/Documents/computer_vision/labelImg/images/colibri_it13_jpg.rf.a2744fa933e6fc5950216967114a4cd0.jpg</path>
	<source>
		<database>Unknown</database>
	</source>
	<size>
		<width>640</width>
		<height>640</height>
		<depth>3</depth>
	</size>
	<segmented>0</segmented>
	<object>
		<name>som</name>
		<pose>Unspecified</pose>
		<truncated>0</truncated>
		<difficult>0</difficult>
		<bndbox>
			<xmin>178</xmin>
			<ymin>93</ymin>
			<xmax>520</xmax>
			<ymax>339</ymax>
		</bndbox>
	</object>
</annotation>
