<annotation>
	<folder>images</folder>
	<filename>colibri_wifi8_jpg.rf.ed8a1756eafc9550e401a9f62219e250.jpg</filename>
	<path>/home/lucas_bernardes/Documents/computer_vision/labelImg/images/colibri_wifi8_jpg.rf.ed8a1756eafc9550e401a9f62219e250.jpg</path>
	<source>
		<database>Unknown</database>
	</source>
	<size>
		<width>640</width>
		<height>640</height>
		<depth>3</depth>
	</size>
	<segmented>0</segmented>
	<object>
		<name>som</name>
		<pose>Unspecified</pose>
		<truncated>0</truncated>
		<difficult>0</difficult>
		<bndbox>
			<xmin>147</xmin>
			<ymin>137</ymin>
			<xmax>479</xmax>
			<ymax>382</ymax>
		</bndbox>
	</object>
</annotation>
