<annotation>
	<folder>images</folder>
	<filename>colibri_it10_jpg.rf.46412d5b9f72b3c6fc98a5536d2b82c1.jpg</filename>
	<path>/home/lucas_bernardes/Documents/computer_vision/labelImg/images/colibri_it10_jpg.rf.46412d5b9f72b3c6fc98a5536d2b82c1.jpg</path>
	<source>
		<database>Unknown</database>
	</source>
	<size>
		<width>640</width>
		<height>640</height>
		<depth>3</depth>
	</size>
	<segmented>0</segmented>
	<object>
		<name>som</name>
		<pose>Unspecified</pose>
		<truncated>0</truncated>
		<difficult>0</difficult>
		<bndbox>
			<xmin>124</xmin>
			<ymin>156</ymin>
			<xmax>528</xmax>
			<ymax>468</ymax>
		</bndbox>
	</object>
</annotation>
