<annotation>
	<folder>images</folder>
	<filename>colibri_it6_jpg.rf.49610164294c37c4c862a6e070eae9fe.jpg</filename>
	<path>/home/lucas_bernardes/Documents/computer_vision/labelImg/images/colibri_it6_jpg.rf.49610164294c37c4c862a6e070eae9fe.jpg</path>
	<source>
		<database>Unknown</database>
	</source>
	<size>
		<width>640</width>
		<height>640</height>
		<depth>3</depth>
	</size>
	<segmented>0</segmented>
	<object>
		<name>som</name>
		<pose>Unspecified</pose>
		<truncated>0</truncated>
		<difficult>0</difficult>
		<bndbox>
			<xmin>130</xmin>
			<ymin>165</ymin>
			<xmax>454</xmax>
			<ymax>401</ymax>
		</bndbox>
	</object>
</annotation>
