<annotation>
	<folder>images</folder>
	<filename>colibrinowifi8_jpg.rf.3ac5bf384b2b3d14dce1db6c2c7559c3.jpg</filename>
	<path>/home/lucas_bernardes/Documents/computer_vision/labelImg/images/colibrinowifi8_jpg.rf.3ac5bf384b2b3d14dce1db6c2c7559c3.jpg</path>
	<source>
		<database>Unknown</database>
	</source>
	<size>
		<width>640</width>
		<height>640</height>
		<depth>3</depth>
	</size>
	<segmented>0</segmented>
	<object>
		<name>som</name>
		<pose>Unspecified</pose>
		<truncated>0</truncated>
		<difficult>0</difficult>
		<bndbox>
			<xmin>126</xmin>
			<ymin>188</ymin>
			<xmax>411</xmax>
			<ymax>408</ymax>
		</bndbox>
	</object>
</annotation>
