<annotation>
	<folder>images</folder>
	<filename>colibri_it5_jpg.rf.7f4be685d931afed8e84306d3112bef0.jpg</filename>
	<path>/home/lucas_bernardes/Documents/computer_vision/labelImg/images/colibri_it5_jpg.rf.7f4be685d931afed8e84306d3112bef0.jpg</path>
	<source>
		<database>Unknown</database>
	</source>
	<size>
		<width>640</width>
		<height>640</height>
		<depth>3</depth>
	</size>
	<segmented>0</segmented>
	<object>
		<name>som</name>
		<pose>Unspecified</pose>
		<truncated>0</truncated>
		<difficult>0</difficult>
		<bndbox>
			<xmin>169</xmin>
			<ymin>169</ymin>
			<xmax>503</xmax>
			<ymax>436</ymax>
		</bndbox>
	</object>
</annotation>
