<annotation>
	<folder>images</folder>
	<filename>colibrinowifi9_jpg.rf.3d408b517a9dcd74bcc258795fd40507.jpg</filename>
	<path>/home/lucas_bernardes/Documents/computer_vision/labelImg/images/colibrinowifi9_jpg.rf.3d408b517a9dcd74bcc258795fd40507.jpg</path>
	<source>
		<database>Unknown</database>
	</source>
	<size>
		<width>640</width>
		<height>640</height>
		<depth>3</depth>
	</size>
	<segmented>0</segmented>
	<object>
		<name>som</name>
		<pose>Unspecified</pose>
		<truncated>0</truncated>
		<difficult>0</difficult>
		<bndbox>
			<xmin>122</xmin>
			<ymin>167</ymin>
			<xmax>466</xmax>
			<ymax>415</ymax>
		</bndbox>
	</object>
</annotation>
