<annotation>
	<folder>images</folder>
	<filename>DSC_0123_JPG.rf.8d97a9d2382d6fcf88e6b7601eaa4dcf.jpg</filename>
	<path>/home/lucas_bernardes/Documents/computer_vision/labelImg/images/DSC_0123_JPG.rf.8d97a9d2382d6fcf88e6b7601eaa4dcf.jpg</path>
	<source>
		<database>Unknown</database>
	</source>
	<size>
		<width>640</width>
		<height>640</height>
		<depth>3</depth>
	</size>
	<segmented>0</segmented>
	<object>
		<name>som</name>
		<pose>Unspecified</pose>
		<truncated>1</truncated>
		<difficult>0</difficult>
		<bndbox>
			<xmin>14</xmin>
			<ymin>2</ymin>
			<xmax>555</xmax>
			<ymax>640</ymax>
		</bndbox>
	</object>
</annotation>
