<annotation>
	<folder>images</folder>
	<filename>DSC_0094_JPG.rf.e6286b7e347ef18f95539632ed9e8234.jpg</filename>
	<path>/home/lucas_bernardes/Documents/computer_vision/labelImg/images/DSC_0094_JPG.rf.e6286b7e347ef18f95539632ed9e8234.jpg</path>
	<source>
		<database>Unknown</database>
	</source>
	<size>
		<width>640</width>
		<height>640</height>
		<depth>3</depth>
	</size>
	<segmented>0</segmented>
	<object>
		<name>som</name>
		<pose>Unspecified</pose>
		<truncated>0</truncated>
		<difficult>0</difficult>
		<bndbox>
			<xmin>249</xmin>
			<ymin>200</ymin>
			<xmax>397</xmax>
			<ymax>300</ymax>
		</bndbox>
	</object>
</annotation>
