<annotation>
	<folder>images</folder>
	<filename>DSC_0128_JPG.rf.c3d43eb6e25da69c56aecac533cad183.jpg</filename>
	<path>/home/lucas_bernardes/Documents/computer_vision/labelImg/images/DSC_0128_JPG.rf.c3d43eb6e25da69c56aecac533cad183.jpg</path>
	<source>
		<database>Unknown</database>
	</source>
	<size>
		<width>640</width>
		<height>640</height>
		<depth>3</depth>
	</size>
	<segmented>0</segmented>
	<object>
		<name>som</name>
		<pose>Unspecified</pose>
		<truncated>1</truncated>
		<difficult>0</difficult>
		<bndbox>
			<xmin>1</xmin>
			<ymin>132</ymin>
			<xmax>590</xmax>
			<ymax>640</ymax>
		</bndbox>
	</object>
</annotation>
