<annotation>
	<folder>images</folder>
	<filename>IMG-20190424-WA0005_jpg.rf.62488d61e4e930bc064bc4ed28837f65.jpg</filename>
	<path>/home/lucas_bernardes/Documents/computer_vision/labelImg/images/IMG-20190424-WA0005_jpg.rf.62488d61e4e930bc064bc4ed28837f65.jpg</path>
	<source>
		<database>Unknown</database>
	</source>
	<size>
		<width>640</width>
		<height>640</height>
		<depth>3</depth>
	</size>
	<segmented>0</segmented>
	<object>
		<name>som</name>
		<pose>Unspecified</pose>
		<truncated>0</truncated>
		<difficult>0</difficult>
		<bndbox>
			<xmin>397</xmin>
			<ymin>112</ymin>
			<xmax>501</xmax>
			<ymax>385</ymax>
		</bndbox>
	</object>
</annotation>
