<annotation>
	<folder>images</folder>
	<filename>IMG-20170222-WA0003_jpg.rf.cee5cf4ffa839a4b9ba45fa8866f6633.jpg</filename>
	<path>/home/lucas_bernardes/Documents/computer_vision/labelImg/images/IMG-20170222-WA0003_jpg.rf.cee5cf4ffa839a4b9ba45fa8866f6633.jpg</path>
	<source>
		<database>Unknown</database>
	</source>
	<size>
		<width>640</width>
		<height>640</height>
		<depth>3</depth>
	</size>
	<segmented>0</segmented>
	<object>
		<name>som</name>
		<pose>Unspecified</pose>
		<truncated>0</truncated>
		<difficult>0</difficult>
		<bndbox>
			<xmin>459</xmin>
			<ymin>277</ymin>
			<xmax>526</xmax>
			<ymax>416</ymax>
		</bndbox>
	</object>
	<object>
		<name>som</name>
		<pose>Unspecified</pose>
		<truncated>1</truncated>
		<difficult>0</difficult>
		<bndbox>
			<xmin>297</xmin>
			<ymin>530</ymin>
			<xmax>381</xmax>
			<ymax>640</ymax>
		</bndbox>
	</object>
</annotation>
