<annotation>
	<folder>images</folder>
	<filename>IMG_5134_jpg.rf.eddc23be5f55a62380edf46402283037.jpg</filename>
	<path>/home/lucas_bernardes/Documents/computer_vision/labelImg/images/IMG_5134_jpg.rf.eddc23be5f55a62380edf46402283037.jpg</path>
	<source>
		<database>Unknown</database>
	</source>
	<size>
		<width>640</width>
		<height>640</height>
		<depth>3</depth>
	</size>
	<segmented>0</segmented>
	<object>
		<name>som</name>
		<pose>Unspecified</pose>
		<truncated>0</truncated>
		<difficult>0</difficult>
		<bndbox>
			<xmin>264</xmin>
			<ymin>156</ymin>
			<xmax>493</xmax>
			<ymax>444</ymax>
		</bndbox>
	</object>
</annotation>
