<annotation>
	<folder>images</folder>
	<filename>IMG_5140_jpg.rf.529bc27e45530e1be267df57332d0e6d.jpg</filename>
	<path>/home/lucas_bernardes/Documents/computer_vision/labelImg/images/IMG_5140_jpg.rf.529bc27e45530e1be267df57332d0e6d.jpg</path>
	<source>
		<database>Unknown</database>
	</source>
	<size>
		<width>640</width>
		<height>640</height>
		<depth>3</depth>
	</size>
	<segmented>0</segmented>
	<object>
		<name>som</name>
		<pose>Unspecified</pose>
		<truncated>0</truncated>
		<difficult>0</difficult>
		<bndbox>
			<xmin>121</xmin>
			<ymin>210</ymin>
			<xmax>407</xmax>
			<ymax>405</ymax>
		</bndbox>
	</object>
</annotation>
