<annotation>
	<folder>images</folder>
	<filename>IMG_5142_jpg.rf.4f812d904a143c2c411f3ecd07a85bed.jpg</filename>
	<path>/home/lucas_bernardes/Documents/computer_vision/labelImg/images/IMG_5142_jpg.rf.4f812d904a143c2c411f3ecd07a85bed.jpg</path>
	<source>
		<database>Unknown</database>
	</source>
	<size>
		<width>640</width>
		<height>640</height>
		<depth>3</depth>
	</size>
	<segmented>0</segmented>
	<object>
		<name>som</name>
		<pose>Unspecified</pose>
		<truncated>0</truncated>
		<difficult>0</difficult>
		<bndbox>
			<xmin>154</xmin>
			<ymin>136</ymin>
			<xmax>516</xmax>
			<ymax>388</ymax>
		</bndbox>
	</object>
</annotation>
