<annotation>
	<folder>images</folder>
	<filename>IMG_5141_jpg.rf.01c9ad8784e5c4c678faf64b6b6c07dd.jpg</filename>
	<path>/home/lucas_bernardes/Documents/computer_vision/labelImg/images/IMG_5141_jpg.rf.01c9ad8784e5c4c678faf64b6b6c07dd.jpg</path>
	<source>
		<database>Unknown</database>
	</source>
	<size>
		<width>640</width>
		<height>640</height>
		<depth>3</depth>
	</size>
	<segmented>0</segmented>
	<object>
		<name>som</name>
		<pose>Unspecified</pose>
		<truncated>0</truncated>
		<difficult>0</difficult>
		<bndbox>
			<xmin>95</xmin>
			<ymin>72</ymin>
			<xmax>502</xmax>
			<ymax>347</ymax>
		</bndbox>
	</object>
</annotation>
