<annotation>
	<folder>images</folder>
	<filename>verdin1_jpg.rf.55863f86aeea3ba854934b34df82fe07.jpg</filename>
	<path>/home/lucas_bernardes/Documents/computer_vision/labelImg/images/verdin1_jpg.rf.55863f86aeea3ba854934b34df82fe07.jpg</path>
	<source>
		<database>Unknown</database>
	</source>
	<size>
		<width>640</width>
		<height>640</height>
		<depth>3</depth>
	</size>
	<segmented>0</segmented>
	<object>
		<name>som</name>
		<pose>Unspecified</pose>
		<truncated>0</truncated>
		<difficult>0</difficult>
		<bndbox>
			<xmin>159</xmin>
			<ymin>153</ymin>
			<xmax>490</xmax>
			<ymax>395</ymax>
		</bndbox>
	</object>
</annotation>
