<annotation>
	<folder>images</folder>
	<filename>verdin6_jpg.rf.02471c2d0e9cfa1c15e147e7c5d14b1e.jpg</filename>
	<path>/home/lucas_bernardes/Documents/computer_vision/labelImg/images/verdin6_jpg.rf.02471c2d0e9cfa1c15e147e7c5d14b1e.jpg</path>
	<source>
		<database>Unknown</database>
	</source>
	<size>
		<width>640</width>
		<height>640</height>
		<depth>3</depth>
	</size>
	<segmented>0</segmented>
	<object>
		<name>som</name>
		<pose>Unspecified</pose>
		<truncated>0</truncated>
		<difficult>0</difficult>
		<bndbox>
			<xmin>199</xmin>
			<ymin>213</ymin>
			<xmax>507</xmax>
			<ymax>422</ymax>
		</bndbox>
	</object>
</annotation>
