<annotation>
	<folder>images</folder>
	<filename>verdin5_jpg.rf.6c565df4d8282284fff93a7ea1322ed2.jpg</filename>
	<path>/home/lucas_bernardes/Documents/computer_vision/labelImg/images/verdin5_jpg.rf.6c565df4d8282284fff93a7ea1322ed2.jpg</path>
	<source>
		<database>Unknown</database>
	</source>
	<size>
		<width>640</width>
		<height>640</height>
		<depth>3</depth>
	</size>
	<segmented>0</segmented>
	<object>
		<name>som</name>
		<pose>Unspecified</pose>
		<truncated>0</truncated>
		<difficult>0</difficult>
		<bndbox>
			<xmin>131</xmin>
			<ymin>156</ymin>
			<xmax>472</xmax>
			<ymax>396</ymax>
		</bndbox>
	</object>
</annotation>
