<annotation>
	<folder>images</folder>
	<filename>verdin9_jpg.rf.591979f907fff49daebd8ddcbfc51659.jpg</filename>
	<path>/home/lucas_bernardes/Documents/computer_vision/labelImg/images/verdin9_jpg.rf.591979f907fff49daebd8ddcbfc51659.jpg</path>
	<source>
		<database>Unknown</database>
	</source>
	<size>
		<width>640</width>
		<height>640</height>
		<depth>3</depth>
	</size>
	<segmented>0</segmented>
	<object>
		<name>som</name>
		<pose>Unspecified</pose>
		<truncated>0</truncated>
		<difficult>0</difficult>
		<bndbox>
			<xmin>179</xmin>
			<ymin>154</ymin>
			<xmax>504</xmax>
			<ymax>402</ymax>
		</bndbox>
	</object>
</annotation>
