<annotation>
	<folder>images</folder>
	<filename>verdin8_jpg.rf.e45abfa6750c9e4791d04d2ba7932ae0.jpg</filename>
	<path>/home/lucas_bernardes/Documents/computer_vision/labelImg/images/verdin8_jpg.rf.e45abfa6750c9e4791d04d2ba7932ae0.jpg</path>
	<source>
		<database>Unknown</database>
	</source>
	<size>
		<width>640</width>
		<height>640</height>
		<depth>3</depth>
	</size>
	<segmented>0</segmented>
	<object>
		<name>som</name>
		<pose>Unspecified</pose>
		<truncated>0</truncated>
		<difficult>0</difficult>
		<bndbox>
			<xmin>106</xmin>
			<ymin>120</ymin>
			<xmax>575</xmax>
			<ymax>392</ymax>
		</bndbox>
	</object>
</annotation>
