<annotation>
	<folder>images</folder>
	<filename>verdin2_jpg.rf.7867d3987a9872d16a066ff33db799e5.jpg</filename>
	<path>/home/lucas_bernardes/Documents/computer_vision/labelImg/images/verdin2_jpg.rf.7867d3987a9872d16a066ff33db799e5.jpg</path>
	<source>
		<database>Unknown</database>
	</source>
	<size>
		<width>640</width>
		<height>640</height>
		<depth>3</depth>
	</size>
	<segmented>0</segmented>
	<object>
		<name>som</name>
		<pose>Unspecified</pose>
		<truncated>0</truncated>
		<difficult>0</difficult>
		<bndbox>
			<xmin>122</xmin>
			<ymin>173</ymin>
			<xmax>491</xmax>
			<ymax>433</ymax>
		</bndbox>
	</object>
</annotation>
